{
  "timestamp": "2026-03-26 18:40:23",
  "level": "ERROR",
  "message": "Database query failed",
  "data": {
    "error": {
      "message": "Invalid column name 'method_limit'.",
      "stack": "RequestError: Invalid column name 'method_limit'.\n    at handleError (C:\\Users\\auto\\Desktop\\All_Project\\SOC\\SOC-BACK\\node_modules\\mssql\\lib\\tedious\\request.js:388:15)\n    at Connection.emit (node:events:524:28)\n    at Connection.emit (C:\\Users\\auto\\Desktop\\All_Project\\SOC\\SOC-BACK\\node_modules\\tedious\\lib\\connection.js:1071:18)\n    at Parser.<anonymous> (C:\\Users\\auto\\Desktop\\All_Project\\SOC\\SOC-BACK\\node_modules\\tedious\\lib\\connection.js:1176:12)\n    at Parser.emit (node:events:524:28)\n    at Readable.<anonymous> (C:\\Users\\auto\\Desktop\\All_Project\\SOC\\SOC-BACK\\node_modules\\tedious\\lib\\token\\token-stream-parser.js:27:14)\n    at Readable.emit (node:events:524:28)\n    at addChunk (node:internal/streams/readable:561:12)\n    at readableAddChunkPushObjectMode (node:internal/streams/readable:538:3)\n    at Readable.push (node:internal/streams/readable:393:5)",
      "name": "RequestError"
    },
    "context": {
      "query": "\n      INSERT INTO [SOC].[dbo].[master_pattern]\n        (item_short, item_full, method_test, spectrum, method, method_limit)\n      VALUES\n        (N'test',\n         N'testfull',\n         N'sc',\n         N'Nα',\n         N'sport',\n         N'30')\n    "
    }
  }
}
--------------------------------------------------
{
  "timestamp": "2026-03-30 13:49:30",
  "level": "ERROR",
  "message": "Database query failed",
  "data": {
    "error": {
      "message": "Incorrect syntax near 'SOC-26-0001'.",
      "stack": "RequestError: Incorrect syntax near 'SOC-26-0001'.\n    at handleError (C:\\Users\\auto\\Desktop\\All_Project\\SOC\\SOC-BACK\\node_modules\\mssql\\lib\\tedious\\request.js:388:15)\n    at Connection.emit (node:events:524:28)\n    at Connection.emit (C:\\Users\\auto\\Desktop\\All_Project\\SOC\\SOC-BACK\\node_modules\\tedious\\lib\\connection.js:1071:18)\n    at Parser.<anonymous> (C:\\Users\\auto\\Desktop\\All_Project\\SOC\\SOC-BACK\\node_modules\\tedious\\lib\\connection.js:1176:12)\n    at Parser.emit (node:events:524:28)\n    at Readable.<anonymous> (C:\\Users\\auto\\Desktop\\All_Project\\SOC\\SOC-BACK\\node_modules\\tedious\\lib\\token\\token-stream-parser.js:27:14)\n    at Readable.emit (node:events:524:28)\n    at addChunk (node:internal/streams/readable:561:12)\n    at readableAddChunkPushObjectMode (node:internal/streams/readable:538:3)\n    at Readable.push (node:internal/streams/readable:393:5)",
      "name": "RequestError"
    },
    "context": {
      "query": "\n      INSERT INTO [SOC].[dbo].[Request] (\n        [ReqNo],\n[ReqSection],\n[ReqDate],\n[ReqUser],\n[SampDate],\n[SampName],\n[PhysicalProperties],\n[SamplePreparation],\n[Scrap],\n[LotNo],\n[ItemNo],\n[ItemFull],\n[MethodTest],\n[Spectrum],\n[Method],\n[MethodLimit],\n[ItemName],\n[ReqStatus],\n[ItemStatus]\n      )\n      VALUES \n      N'SOC-26-0001',\nN'AUTO',\nN'2026-03-30T13:49:30.130Z',\nN'K.SIRAWIT',\nN'2026-03-30',\nN'AD-4855',\nN'Liquid',\nN'Drop on paper 40 µL',\nN'Sink',\n1234,\n1,\nN'Cadmium',\nN'Screening',\nN'Lα',\nN'In-House method',\n20,\nNULL,\nN'WAIT SAMPLE',\nN'WAIT SAMPLE'\n    \n\n      INSERT INTO [SOC].[dbo].[Request] (\n        [ReqNo],\n[ReqSection],\n[ReqDate],\n[ReqUser],\n[SampDate],\n[SampName],\n[PhysicalProperties],\n[SamplePreparation],\n[Scrap],\n[LotNo],\n[ItemNo],\n[ItemFull],\n[MethodTest],\n[Spectrum],\n[Method],\n[MethodLimit],\n[ItemName],\n[ReqStatus],\n[ItemStatus]\n      )\n      VALUES \n      N'SOC-26-0001',\nN'AUTO',\nN'2026-03-30T13:49:30.130Z',\nN'K.SIRAWIT',\nN'2026-03-30',\nN'AD-4855',\nN'Liquid',\nN'Drop on paper 40 µL',\nN'Sink',\n1234,\n2,\nN'Chromium',\nN'Screening',\nN'Kα',\nN'In-House method',\n20,\nNULL,\nN'WAIT SAMPLE',\nN'WAIT SAMPLE'\n    \n\n      INSERT INTO [SOC].[dbo].[Request] (\n        [ReqNo],\n[ReqSection],\n[ReqDate],\n[ReqUser],\n[SampDate],\n[SampName],\n[PhysicalProperties],\n[SamplePreparation],\n[Scrap],\n[LotNo],\n[ItemNo],\n[ItemFull],\n[MethodTest],\n[Spectrum],\n[Method],\n[MethodLimit],\n[ItemName],\n[ReqStatus],\n[ItemStatus]\n      )\n      VALUES \n      N'SOC-26-0001',\nN'AUTO',\nN'2026-03-30T13:49:30.130Z',\nN'K.SIRAWIT',\nN'2026-03-30',\nN'AD-4855',\nN'Liquid',\nN'Drop on paper 40 µL',\nN'Sink',\n1234,\n3,\nN'Bromine',\nN'Screening',\nN'Kα',\nN'In-House method',\n20,\nNULL,\nN'WAIT SAMPLE',\nN'WAIT SAMPLE'\n    \n\n      INSERT INTO [SOC].[dbo].[Request] (\n        [ReqNo],\n[ReqSection],\n[ReqDate],\n[ReqUser],\n[SampDate],\n[SampName],\n[PhysicalProperties],\n[SamplePreparation],\n[Scrap],\n[LotNo],\n[ItemNo],\n[ItemFull],\n[MethodTest],\n[Spectrum],\n[Method],\n[MethodLimit],\n[ItemName],\n[ReqStatus],\n[ItemStatus]\n      )\n      VALUES \n      N'SOC-26-0001',\nN'AUTO',\nN'2026-03-30T13:49:30.130Z',\nN'K.SIRAWIT',\nN'2026-03-30',\nN'AD-4855',\nN'Liquid',\nN'Drop on paper 40 µL',\nN'Sink',\n1234,\n4,\nN'Lead',\nN'Screening',\nN'Lα',\nN'In-House method',\n20,\nNULL,\nN'WAIT SAMPLE',\nN'WAIT SAMPLE'\n    \n\n      INSERT INTO [SOC].[dbo].[Request] (\n        [ReqNo],\n[ReqSection],\n[ReqDate],\n[ReqUser],\n[SampDate],\n[SampName],\n[PhysicalProperties],\n[SamplePreparation],\n[Scrap],\n[LotNo],\n[ItemNo],\n[ItemFull],\n[MethodTest],\n[Spectrum],\n[Method],\n[MethodLimit],\n[ItemName],\n[ReqStatus],\n[ItemStatus]\n      )\n      VALUES \n      N'SOC-26-0001',\nN'AUTO',\nN'2026-03-30T13:49:30.130Z',\nN'K.SIRAWIT',\nN'2026-03-30',\nN'AD-4855',\nN'Liquid',\nN'Drop on paper 40 µL',\nN'Sink',\n1234,\n5,\nN'Mercury',\nN'Screening',\nN'Lα',\nN'In-House method',\n20,\nNULL,\nN'WAIT SAMPLE',\nN'WAIT SAMPLE'\n    \n"
    }
  }
}
--------------------------------------------------
{
  "timestamp": "2026-03-30 13:51:41",
  "level": "ERROR",
  "message": "Database query failed",
  "data": {
    "error": {
      "message": "Incorrect syntax near 'SOC-26-0001'.",
      "stack": "RequestError: Incorrect syntax near 'SOC-26-0001'.\n    at handleError (C:\\Users\\auto\\Desktop\\All_Project\\SOC\\SOC-BACK\\node_modules\\mssql\\lib\\tedious\\request.js:388:15)\n    at Connection.emit (node:events:524:28)\n    at Connection.emit (C:\\Users\\auto\\Desktop\\All_Project\\SOC\\SOC-BACK\\node_modules\\tedious\\lib\\connection.js:1071:18)\n    at Parser.<anonymous> (C:\\Users\\auto\\Desktop\\All_Project\\SOC\\SOC-BACK\\node_modules\\tedious\\lib\\connection.js:1176:12)\n    at Parser.emit (node:events:524:28)\n    at Readable.<anonymous> (C:\\Users\\auto\\Desktop\\All_Project\\SOC\\SOC-BACK\\node_modules\\tedious\\lib\\token\\token-stream-parser.js:27:14)\n    at Readable.emit (node:events:524:28)\n    at addChunk (node:internal/streams/readable:561:12)\n    at readableAddChunkPushObjectMode (node:internal/streams/readable:538:3)\n    at Readable.push (node:internal/streams/readable:393:5)",
      "name": "RequestError"
    },
    "context": {
      "query": "\n      INSERT INTO [SOC].[dbo].[Request] (\n        [ReqNo],\n[ReqSection],\n[ReqDate],\n[ReqUser],\n[SampDate],\n[SampName],\n[PhysicalProperties],\n[SamplePreparation],\n[Scrap],\n[LotNo],\n[ItemNo],\n[ItemFull],\n[MethodTest],\n[Spectrum],\n[Method],\n[MethodLimit],\n[ItemName],\n[ReqStatus],\n[ItemStatus]\n      )\n      VALUES \n      N'SOC-26-0001',\nN'AUTO',\nN'2026-03-30T13:51:41.027Z',\nN'K.SIRAWIT',\nN'2026-03-30',\nN'AD-4855',\nN'Liquid',\nN'Drop on paper 40 µL',\nN'Sink',\nN'1234',\nN'1',\nN'Cadmium',\nN'Screening',\nN'Lα',\nN'In-House method',\nN'20',\nNULL,\nN'WAIT SAMPLE',\nN'WAIT SAMPLE'\n    \n\n      INSERT INTO [SOC].[dbo].[Request] (\n        [ReqNo],\n[ReqSection],\n[ReqDate],\n[ReqUser],\n[SampDate],\n[SampName],\n[PhysicalProperties],\n[SamplePreparation],\n[Scrap],\n[LotNo],\n[ItemNo],\n[ItemFull],\n[MethodTest],\n[Spectrum],\n[Method],\n[MethodLimit],\n[ItemName],\n[ReqStatus],\n[ItemStatus]\n      )\n      VALUES \n      N'SOC-26-0001',\nN'AUTO',\nN'2026-03-30T13:51:41.027Z',\nN'K.SIRAWIT',\nN'2026-03-30',\nN'AD-4855',\nN'Liquid',\nN'Drop on paper 40 µL',\nN'Sink',\nN'1234',\nN'2',\nN'Chromium',\nN'Screening',\nN'Kα',\nN'In-House method',\nN'20',\nNULL,\nN'WAIT SAMPLE',\nN'WAIT SAMPLE'\n    \n\n      INSERT INTO [SOC].[dbo].[Request] (\n        [ReqNo],\n[ReqSection],\n[ReqDate],\n[ReqUser],\n[SampDate],\n[SampName],\n[PhysicalProperties],\n[SamplePreparation],\n[Scrap],\n[LotNo],\n[ItemNo],\n[ItemFull],\n[MethodTest],\n[Spectrum],\n[Method],\n[MethodLimit],\n[ItemName],\n[ReqStatus],\n[ItemStatus]\n      )\n      VALUES \n      N'SOC-26-0001',\nN'AUTO',\nN'2026-03-30T13:51:41.027Z',\nN'K.SIRAWIT',\nN'2026-03-30',\nN'AD-4855',\nN'Liquid',\nN'Drop on paper 40 µL',\nN'Sink',\nN'1234',\nN'3',\nN'Bromine',\nN'Screening',\nN'Kα',\nN'In-House method',\nN'20',\nNULL,\nN'WAIT SAMPLE',\nN'WAIT SAMPLE'\n    \n\n      INSERT INTO [SOC].[dbo].[Request] (\n        [ReqNo],\n[ReqSection],\n[ReqDate],\n[ReqUser],\n[SampDate],\n[SampName],\n[PhysicalProperties],\n[SamplePreparation],\n[Scrap],\n[LotNo],\n[ItemNo],\n[ItemFull],\n[MethodTest],\n[Spectrum],\n[Method],\n[MethodLimit],\n[ItemName],\n[ReqStatus],\n[ItemStatus]\n      )\n      VALUES \n      N'SOC-26-0001',\nN'AUTO',\nN'2026-03-30T13:51:41.027Z',\nN'K.SIRAWIT',\nN'2026-03-30',\nN'AD-4855',\nN'Liquid',\nN'Drop on paper 40 µL',\nN'Sink',\nN'1234',\nN'4',\nN'Lead',\nN'Screening',\nN'Lα',\nN'In-House method',\nN'20',\nNULL,\nN'WAIT SAMPLE',\nN'WAIT SAMPLE'\n    \n\n      INSERT INTO [SOC].[dbo].[Request] (\n        [ReqNo],\n[ReqSection],\n[ReqDate],\n[ReqUser],\n[SampDate],\n[SampName],\n[PhysicalProperties],\n[SamplePreparation],\n[Scrap],\n[LotNo],\n[ItemNo],\n[ItemFull],\n[MethodTest],\n[Spectrum],\n[Method],\n[MethodLimit],\n[ItemName],\n[ReqStatus],\n[ItemStatus]\n      )\n      VALUES \n      N'SOC-26-0001',\nN'AUTO',\nN'2026-03-30T13:51:41.027Z',\nN'K.SIRAWIT',\nN'2026-03-30',\nN'AD-4855',\nN'Liquid',\nN'Drop on paper 40 µL',\nN'Sink',\nN'1234',\nN'5',\nN'Mercury',\nN'Screening',\nN'Lα',\nN'In-House method',\nN'20',\nNULL,\nN'WAIT SAMPLE',\nN'WAIT SAMPLE'\n    \n"
    }
  }
}
--------------------------------------------------
{
  "timestamp": "2026-03-30 13:52:15",
  "level": "ERROR",
  "message": "Database query failed",
  "data": {
    "error": {
      "message": "Incorrect syntax near 'SOC-26-0001'.",
      "stack": "RequestError: Incorrect syntax near 'SOC-26-0001'.\n    at handleError (C:\\Users\\auto\\Desktop\\All_Project\\SOC\\SOC-BACK\\node_modules\\mssql\\lib\\tedious\\request.js:388:15)\n    at Connection.emit (node:events:524:28)\n    at Connection.emit (C:\\Users\\auto\\Desktop\\All_Project\\SOC\\SOC-BACK\\node_modules\\tedious\\lib\\connection.js:1071:18)\n    at Parser.<anonymous> (C:\\Users\\auto\\Desktop\\All_Project\\SOC\\SOC-BACK\\node_modules\\tedious\\lib\\connection.js:1176:12)\n    at Parser.emit (node:events:524:28)\n    at Readable.<anonymous> (C:\\Users\\auto\\Desktop\\All_Project\\SOC\\SOC-BACK\\node_modules\\tedious\\lib\\token\\token-stream-parser.js:27:14)\n    at Readable.emit (node:events:524:28)\n    at addChunk (node:internal/streams/readable:561:12)\n    at readableAddChunkPushObjectMode (node:internal/streams/readable:538:3)\n    at Readable.push (node:internal/streams/readable:393:5)",
      "name": "RequestError"
    },
    "context": {
      "query": "\n      INSERT INTO [SOC].[dbo].[Request] (\n        [ReqNo],\n[ReqSection],\n[ReqDate],\n[ReqUser],\n[SampDate],\n[SampName],\n[PhysicalProperties],\n[SamplePreparation],\n[Scrap],\n[LotNo],\n[ItemNo],\n[ItemFull],\n[MethodTest],\n[Spectrum],\n[Method],\n[MethodLimit],\n[ItemName],\n[ReqStatus],\n[ItemStatus]\n      )\n      VALUES \n      N'SOC-26-0001',\nN'AUTO',\nN'2026-03-30T13:52:15.434Z',\nN'K.SIRAWIT',\nN'2026-03-30',\nN'AD-4855',\nN'Liquid',\nN'Drop on paper 40 µL',\nN'Sink',\nN'1234',\nN'1',\nN'Cadmium',\nN'Screening',\nN'Lα',\nN'In-House method',\nN'20',\nNULL,\nN'WAIT SAMPLE',\nN'WAIT SAMPLE'\n    \n\n      INSERT INTO [SOC].[dbo].[Request] (\n        [ReqNo],\n[ReqSection],\n[ReqDate],\n[ReqUser],\n[SampDate],\n[SampName],\n[PhysicalProperties],\n[SamplePreparation],\n[Scrap],\n[LotNo],\n[ItemNo],\n[ItemFull],\n[MethodTest],\n[Spectrum],\n[Method],\n[MethodLimit],\n[ItemName],\n[ReqStatus],\n[ItemStatus]\n      )\n      VALUES \n      N'SOC-26-0001',\nN'AUTO',\nN'2026-03-30T13:52:15.434Z',\nN'K.SIRAWIT',\nN'2026-03-30',\nN'AD-4855',\nN'Liquid',\nN'Drop on paper 40 µL',\nN'Sink',\nN'1234',\nN'2',\nN'Chromium',\nN'Screening',\nN'Kα',\nN'In-House method',\nN'20',\nNULL,\nN'WAIT SAMPLE',\nN'WAIT SAMPLE'\n    \n\n      INSERT INTO [SOC].[dbo].[Request] (\n        [ReqNo],\n[ReqSection],\n[ReqDate],\n[ReqUser],\n[SampDate],\n[SampName],\n[PhysicalProperties],\n[SamplePreparation],\n[Scrap],\n[LotNo],\n[ItemNo],\n[ItemFull],\n[MethodTest],\n[Spectrum],\n[Method],\n[MethodLimit],\n[ItemName],\n[ReqStatus],\n[ItemStatus]\n      )\n      VALUES \n      N'SOC-26-0001',\nN'AUTO',\nN'2026-03-30T13:52:15.434Z',\nN'K.SIRAWIT',\nN'2026-03-30',\nN'AD-4855',\nN'Liquid',\nN'Drop on paper 40 µL',\nN'Sink',\nN'1234',\nN'3',\nN'Bromine',\nN'Screening',\nN'Kα',\nN'In-House method',\nN'20',\nNULL,\nN'WAIT SAMPLE',\nN'WAIT SAMPLE'\n    \n\n      INSERT INTO [SOC].[dbo].[Request] (\n        [ReqNo],\n[ReqSection],\n[ReqDate],\n[ReqUser],\n[SampDate],\n[SampName],\n[PhysicalProperties],\n[SamplePreparation],\n[Scrap],\n[LotNo],\n[ItemNo],\n[ItemFull],\n[MethodTest],\n[Spectrum],\n[Method],\n[MethodLimit],\n[ItemName],\n[ReqStatus],\n[ItemStatus]\n      )\n      VALUES \n      N'SOC-26-0001',\nN'AUTO',\nN'2026-03-30T13:52:15.434Z',\nN'K.SIRAWIT',\nN'2026-03-30',\nN'AD-4855',\nN'Liquid',\nN'Drop on paper 40 µL',\nN'Sink',\nN'1234',\nN'4',\nN'Lead',\nN'Screening',\nN'Lα',\nN'In-House method',\nN'20',\nNULL,\nN'WAIT SAMPLE',\nN'WAIT SAMPLE'\n    \n\n      INSERT INTO [SOC].[dbo].[Request] (\n        [ReqNo],\n[ReqSection],\n[ReqDate],\n[ReqUser],\n[SampDate],\n[SampName],\n[PhysicalProperties],\n[SamplePreparation],\n[Scrap],\n[LotNo],\n[ItemNo],\n[ItemFull],\n[MethodTest],\n[Spectrum],\n[Method],\n[MethodLimit],\n[ItemName],\n[ReqStatus],\n[ItemStatus]\n      )\n      VALUES \n      N'SOC-26-0001',\nN'AUTO',\nN'2026-03-30T13:52:15.434Z',\nN'K.SIRAWIT',\nN'2026-03-30',\nN'AD-4855',\nN'Liquid',\nN'Drop on paper 40 µL',\nN'Sink',\nN'1234',\nN'5',\nN'Mercury',\nN'Screening',\nN'Lα',\nN'In-House method',\nN'20',\nNULL,\nN'WAIT SAMPLE',\nN'WAIT SAMPLE'\n    \n"
    }
  }
}
--------------------------------------------------
{
  "timestamp": "2026-03-30 13:52:39",
  "level": "ERROR",
  "message": "Database query failed",
  "data": {
    "error": {
      "message": "Incorrect syntax near 'SOC-26-0001'.",
      "stack": "RequestError: Incorrect syntax near 'SOC-26-0001'.\n    at handleError (C:\\Users\\auto\\Desktop\\All_Project\\SOC\\SOC-BACK\\node_modules\\mssql\\lib\\tedious\\request.js:388:15)\n    at Connection.emit (node:events:524:28)\n    at Connection.emit (C:\\Users\\auto\\Desktop\\All_Project\\SOC\\SOC-BACK\\node_modules\\tedious\\lib\\connection.js:1071:18)\n    at Parser.<anonymous> (C:\\Users\\auto\\Desktop\\All_Project\\SOC\\SOC-BACK\\node_modules\\tedious\\lib\\connection.js:1176:12)\n    at Parser.emit (node:events:524:28)\n    at Readable.<anonymous> (C:\\Users\\auto\\Desktop\\All_Project\\SOC\\SOC-BACK\\node_modules\\tedious\\lib\\token\\token-stream-parser.js:27:14)\n    at Readable.emit (node:events:524:28)\n    at addChunk (node:internal/streams/readable:561:12)\n    at readableAddChunkPushObjectMode (node:internal/streams/readable:538:3)\n    at Readable.push (node:internal/streams/readable:393:5)",
      "name": "RequestError"
    },
    "context": {
      "query": "\n      INSERT INTO [SOC].[dbo].[Request] (\n        [ReqNo],\n[ReqSection],\n[ReqDate],\n[ReqUser],\n[SampDate],\n[SampName],\n[PhysicalProperties],\n[SamplePreparation],\n[Scrap],\n[LotNo],\n[ItemNo],\n[ItemFull],\n[MethodTest],\n[Spectrum],\n[Method],\n[MethodLimit],\n[ItemName],\n[ReqStatus],\n[ItemStatus]\n      )\n      VALUES \n      N'SOC-26-0001',\nN'AUTO',\nN'2026-03-30T13:52:39.719Z',\nN'K.SIRAWIT',\nN'2026-03-30',\nN'AD-4855',\nN'Liquid',\nN'Drop on paper 40 µL',\nN'Sink',\nN'1234',\nN'1',\nN'Cadmium',\nN'Screening',\nN'Lα',\nN'In-House method',\nN'20',\nNULL,\nN'WAIT SAMPLE',\nN'WAIT SAMPLE'\n    \n\n      INSERT INTO [SOC].[dbo].[Request] (\n        [ReqNo],\n[ReqSection],\n[ReqDate],\n[ReqUser],\n[SampDate],\n[SampName],\n[PhysicalProperties],\n[SamplePreparation],\n[Scrap],\n[LotNo],\n[ItemNo],\n[ItemFull],\n[MethodTest],\n[Spectrum],\n[Method],\n[MethodLimit],\n[ItemName],\n[ReqStatus],\n[ItemStatus]\n      )\n      VALUES \n      N'SOC-26-0001',\nN'AUTO',\nN'2026-03-30T13:52:39.719Z',\nN'K.SIRAWIT',\nN'2026-03-30',\nN'AD-4855',\nN'Liquid',\nN'Drop on paper 40 µL',\nN'Sink',\nN'1234',\nN'2',\nN'Chromium',\nN'Screening',\nN'Kα',\nN'In-House method',\nN'20',\nNULL,\nN'WAIT SAMPLE',\nN'WAIT SAMPLE'\n    \n\n      INSERT INTO [SOC].[dbo].[Request] (\n        [ReqNo],\n[ReqSection],\n[ReqDate],\n[ReqUser],\n[SampDate],\n[SampName],\n[PhysicalProperties],\n[SamplePreparation],\n[Scrap],\n[LotNo],\n[ItemNo],\n[ItemFull],\n[MethodTest],\n[Spectrum],\n[Method],\n[MethodLimit],\n[ItemName],\n[ReqStatus],\n[ItemStatus]\n      )\n      VALUES \n      N'SOC-26-0001',\nN'AUTO',\nN'2026-03-30T13:52:39.719Z',\nN'K.SIRAWIT',\nN'2026-03-30',\nN'AD-4855',\nN'Liquid',\nN'Drop on paper 40 µL',\nN'Sink',\nN'1234',\nN'3',\nN'Bromine',\nN'Screening',\nN'Kα',\nN'In-House method',\nN'20',\nNULL,\nN'WAIT SAMPLE',\nN'WAIT SAMPLE'\n    \n\n      INSERT INTO [SOC].[dbo].[Request] (\n        [ReqNo],\n[ReqSection],\n[ReqDate],\n[ReqUser],\n[SampDate],\n[SampName],\n[PhysicalProperties],\n[SamplePreparation],\n[Scrap],\n[LotNo],\n[ItemNo],\n[ItemFull],\n[MethodTest],\n[Spectrum],\n[Method],\n[MethodLimit],\n[ItemName],\n[ReqStatus],\n[ItemStatus]\n      )\n      VALUES \n      N'SOC-26-0001',\nN'AUTO',\nN'2026-03-30T13:52:39.719Z',\nN'K.SIRAWIT',\nN'2026-03-30',\nN'AD-4855',\nN'Liquid',\nN'Drop on paper 40 µL',\nN'Sink',\nN'1234',\nN'4',\nN'Lead',\nN'Screening',\nN'Lα',\nN'In-House method',\nN'20',\nNULL,\nN'WAIT SAMPLE',\nN'WAIT SAMPLE'\n    \n\n      INSERT INTO [SOC].[dbo].[Request] (\n        [ReqNo],\n[ReqSection],\n[ReqDate],\n[ReqUser],\n[SampDate],\n[SampName],\n[PhysicalProperties],\n[SamplePreparation],\n[Scrap],\n[LotNo],\n[ItemNo],\n[ItemFull],\n[MethodTest],\n[Spectrum],\n[Method],\n[MethodLimit],\n[ItemName],\n[ReqStatus],\n[ItemStatus]\n      )\n      VALUES \n      N'SOC-26-0001',\nN'AUTO',\nN'2026-03-30T13:52:39.719Z',\nN'K.SIRAWIT',\nN'2026-03-30',\nN'AD-4855',\nN'Liquid',\nN'Drop on paper 40 µL',\nN'Sink',\nN'1234',\nN'5',\nN'Mercury',\nN'Screening',\nN'Lα',\nN'In-House method',\nN'20',\nNULL,\nN'WAIT SAMPLE',\nN'WAIT SAMPLE'\n    \n"
    }
  }
}
--------------------------------------------------
{
  "timestamp": "2026-03-30 18:31:43",
  "level": "ERROR",
  "message": "Database query failed",
  "data": {
    "error": {
      "message": "Invalid column name 'BottleCode'.",
      "stack": "RequestError: Invalid column name 'BottleCode'.\n    at handleError (C:\\Users\\auto\\Desktop\\All_Project\\SOC\\SOC-BACK\\node_modules\\mssql\\lib\\tedious\\request.js:388:15)\n    at Connection.emit (node:events:524:28)\n    at Connection.emit (C:\\Users\\auto\\Desktop\\All_Project\\SOC\\SOC-BACK\\node_modules\\tedious\\lib\\connection.js:1071:18)\n    at Parser.<anonymous> (C:\\Users\\auto\\Desktop\\All_Project\\SOC\\SOC-BACK\\node_modules\\tedious\\lib\\connection.js:1176:12)\n    at Parser.emit (node:events:524:28)\n    at Readable.<anonymous> (C:\\Users\\auto\\Desktop\\All_Project\\SOC\\SOC-BACK\\node_modules\\tedious\\lib\\token\\token-stream-parser.js:27:14)\n    at Readable.emit (node:events:524:28)\n    at addChunk (node:internal/streams/readable:561:12)\n    at readableAddChunkPushObjectMode (node:internal/streams/readable:538:3)\n    at Readable.push (node:internal/streams/readable:393:5)",
      "name": "RequestError"
    },
    "context": {
      "query": "\n        UPDATE [SOC].[dbo].[Request]\n        SET [ReqStatus] = N'REJECT',\n[ItemStatus] = N'REJECT',\n[UserReject] = N'K.SIRAWIT',\n[RejectDate] = N'2026-03-30T18:31:43.859Z',\n[RemarkReject] = NULL\n        WHERE BottleCode = 'SOC-26-0001'\n        "
    }
  }
}
--------------------------------------------------
{
  "timestamp": "2026-03-30 19:04:10",
  "level": "ERROR",
  "message": "Database query failed",
  "data": {
    "error": {
      "message": "Invalid column name 'BottleCode'.",
      "stack": "RequestError: Invalid column name 'BottleCode'.\n    at handleError (C:\\Users\\auto\\Desktop\\All_Project\\SOC\\SOC-BACK\\node_modules\\mssql\\lib\\tedious\\request.js:388:15)\n    at Connection.emit (node:events:524:28)\n    at Connection.emit (C:\\Users\\auto\\Desktop\\All_Project\\SOC\\SOC-BACK\\node_modules\\tedious\\lib\\connection.js:1071:18)\n    at Parser.<anonymous> (C:\\Users\\auto\\Desktop\\All_Project\\SOC\\SOC-BACK\\node_modules\\tedious\\lib\\connection.js:1176:12)\n    at Parser.emit (node:events:524:28)\n    at Readable.<anonymous> (C:\\Users\\auto\\Desktop\\All_Project\\SOC\\SOC-BACK\\node_modules\\tedious\\lib\\token\\token-stream-parser.js:27:14)\n    at Readable.emit (node:events:524:28)\n    at addChunk (node:internal/streams/readable:561:12)\n    at readableAddChunkPushObjectMode (node:internal/streams/readable:538:3)\n    at Readable.push (node:internal/streams/readable:393:5)",
      "name": "RequestError"
    },
    "context": {
      "query": "\n  WITH R AS (\n    SELECT  *,\n            ROW_NUMBER() OVER (PARTITION BY ReqNo ORDER BY BottleCode) AS rn\n    FROM [SOC].[dbo].[Request]\n    \n  )\n  SELECT TOP 10000 *\n  FROM R\n  WHERE rn = 1\n  ORDER BY ReqDate DESC;\n  "
    }
  }
}
--------------------------------------------------
{
  "timestamp": "2026-03-30 19:28:55",
  "level": "ERROR",
  "message": "Database query failed",
  "data": {
    "error": {
      "message": "Invalid column name 'SampleName'.",
      "stack": "RequestError: Invalid column name 'SampleName'.\n    at handleError (C:\\Users\\auto\\Desktop\\All_Project\\SOC\\SOC-BACK\\node_modules\\mssql\\lib\\tedious\\request.js:388:15)\n    at Connection.emit (node:events:524:28)\n    at Connection.emit (C:\\Users\\auto\\Desktop\\All_Project\\SOC\\SOC-BACK\\node_modules\\tedious\\lib\\connection.js:1071:18)\n    at Parser.<anonymous> (C:\\Users\\auto\\Desktop\\All_Project\\SOC\\SOC-BACK\\node_modules\\tedious\\lib\\connection.js:1176:12)\n    at Parser.emit (node:events:524:28)\n    at Readable.<anonymous> (C:\\Users\\auto\\Desktop\\All_Project\\SOC\\SOC-BACK\\node_modules\\tedious\\lib\\token\\token-stream-parser.js:27:14)\n    at Readable.emit (node:events:524:28)\n    at addChunk (node:internal/streams/readable:561:12)\n    at readableAddChunkPushObjectMode (node:internal/streams/readable:538:3)\n    at Readable.push (node:internal/streams/readable:393:5)",
      "name": "RequestError"
    },
    "context": {
      "query": "\n  WITH R AS (\n    SELECT  *,\n            ROW_NUMBER() OVER (PARTITION BY ReqNo ORDER BY ReqNo) AS rn\n    FROM [SOC].[dbo].[Request]\n    WHERE ReqNo LIKE '%werewr%' AND SampleName LIKE N'%AD-4855%'\n  )\n  SELECT TOP 10000 *\n  FROM R\n  WHERE rn = 1\n  ORDER BY ReqDate DESC;\n  "
    }
  }
}
--------------------------------------------------
{
  "timestamp": "2026-03-30 19:29:04",
  "level": "ERROR",
  "message": "Database query failed",
  "data": {
    "error": {
      "message": "Invalid column name 'SampleName'.",
      "stack": "RequestError: Invalid column name 'SampleName'.\n    at handleError (C:\\Users\\auto\\Desktop\\All_Project\\SOC\\SOC-BACK\\node_modules\\mssql\\lib\\tedious\\request.js:388:15)\n    at Connection.emit (node:events:524:28)\n    at Connection.emit (C:\\Users\\auto\\Desktop\\All_Project\\SOC\\SOC-BACK\\node_modules\\tedious\\lib\\connection.js:1071:18)\n    at Parser.<anonymous> (C:\\Users\\auto\\Desktop\\All_Project\\SOC\\SOC-BACK\\node_modules\\tedious\\lib\\connection.js:1176:12)\n    at Parser.emit (node:events:524:28)\n    at Readable.<anonymous> (C:\\Users\\auto\\Desktop\\All_Project\\SOC\\SOC-BACK\\node_modules\\tedious\\lib\\token\\token-stream-parser.js:27:14)\n    at Readable.emit (node:events:524:28)\n    at addChunk (node:internal/streams/readable:561:12)\n    at readableAddChunkPushObjectMode (node:internal/streams/readable:538:3)\n    at Readable.push (node:internal/streams/readable:393:5)",
      "name": "RequestError"
    },
    "context": {
      "query": "\n  WITH R AS (\n    SELECT  *,\n            ROW_NUMBER() OVER (PARTITION BY ReqNo ORDER BY ReqNo) AS rn\n    FROM [SOC].[dbo].[Request]\n    WHERE SampleName LIKE N'%AD-4855%'\n  )\n  SELECT TOP 10000 *\n  FROM R\n  WHERE rn = 1\n  ORDER BY ReqDate DESC;\n  "
    }
  }
}
--------------------------------------------------
{
  "timestamp": "2026-03-30 19:30:54",
  "level": "ERROR",
  "message": "Database query failed",
  "data": {
    "error": {
      "message": "Invalid column name 'SampleName'.",
      "stack": "RequestError: Invalid column name 'SampleName'.\n    at handleError (C:\\Users\\auto\\Desktop\\All_Project\\SOC\\SOC-BACK\\node_modules\\mssql\\lib\\tedious\\request.js:388:15)\n    at Connection.emit (node:events:524:28)\n    at Connection.emit (C:\\Users\\auto\\Desktop\\All_Project\\SOC\\SOC-BACK\\node_modules\\tedious\\lib\\connection.js:1071:18)\n    at Parser.<anonymous> (C:\\Users\\auto\\Desktop\\All_Project\\SOC\\SOC-BACK\\node_modules\\tedious\\lib\\connection.js:1176:12)\n    at Parser.emit (node:events:524:28)\n    at Readable.<anonymous> (C:\\Users\\auto\\Desktop\\All_Project\\SOC\\SOC-BACK\\node_modules\\tedious\\lib\\token\\token-stream-parser.js:27:14)\n    at Readable.emit (node:events:524:28)\n    at addChunk (node:internal/streams/readable:561:12)\n    at readableAddChunkPushObjectMode (node:internal/streams/readable:538:3)\n    at Readable.push (node:internal/streams/readable:393:5)",
      "name": "RequestError"
    },
    "context": {
      "query": "\n  WITH R AS (\n    SELECT  *,\n            ROW_NUMBER() OVER (PARTITION BY ReqNo ORDER BY ReqNo) AS rn\n    FROM [SOC].[dbo].[Request]\n    WHERE SampleName LIKE N'%AD-4855%'\n  )\n  SELECT TOP 10000 *\n  FROM R\n  WHERE rn = 1\n  ORDER BY ReqDate DESC;\n  "
    }
  }
}
--------------------------------------------------
{
  "timestamp": "2026-04-02 12:04:15",
  "level": "ERROR",
  "message": "Database query failed",
  "data": {
    "error": {
      "message": "Invalid column name 'UserListJob'.",
      "stack": "RequestError: Invalid column name 'UserListJob'.\n    at handleError (C:\\Users\\auto\\Desktop\\All_Project\\SOC\\SOC-BACK\\node_modules\\mssql\\lib\\tedious\\request.js:388:15)\n    at Connection.emit (node:events:524:28)\n    at Connection.emit (C:\\Users\\auto\\Desktop\\All_Project\\SOC\\SOC-BACK\\node_modules\\tedious\\lib\\connection.js:1071:18)\n    at Parser.<anonymous> (C:\\Users\\auto\\Desktop\\All_Project\\SOC\\SOC-BACK\\node_modules\\tedious\\lib\\connection.js:1176:12)\n    at Parser.emit (node:events:524:28)\n    at Readable.<anonymous> (C:\\Users\\auto\\Desktop\\All_Project\\SOC\\SOC-BACK\\node_modules\\tedious\\lib\\token\\token-stream-parser.js:27:14)\n    at Readable.emit (node:events:524:28)\n    at addChunk (node:internal/streams/readable:561:12)\n    at readableAddChunkPushObjectMode (node:internal/streams/readable:538:3)\n    at Readable.push (node:internal/streams/readable:393:5)",
      "name": "RequestError"
    },
    "context": {
      "query": "\n    SELECT * FROM [SOC].[dbo].[Request]\n    WHERE UserListJob = 'Sirawit' AND ItemStatus IN ('LIST ITEM','LIST RECHECK', 'FINISH ITEM', 'FINISH RECHECK')\n    ORDER BY AnalysisDue ,ReqNo DESC;\n  "
    }
  }
}
--------------------------------------------------
{
  "timestamp": "2026-04-03 09:48:40",
  "level": "ERROR",
  "message": "Database query failed",
  "data": {
    "error": {
      "message": "Invalid object name 'Request'.",
      "stack": "RequestError: Invalid object name 'Request'.\n    at handleError (C:\\Users\\auto\\Desktop\\All_Project\\SOC\\SOC-BACK\\node_modules\\mssql\\lib\\tedious\\request.js:388:15)\n    at Connection.emit (node:events:524:28)\n    at Connection.emit (C:\\Users\\auto\\Desktop\\All_Project\\SOC\\SOC-BACK\\node_modules\\tedious\\lib\\connection.js:1071:18)\n    at Parser.<anonymous> (C:\\Users\\auto\\Desktop\\All_Project\\SOC\\SOC-BACK\\node_modules\\tedious\\lib\\connection.js:1176:12)\n    at Parser.emit (node:events:524:28)\n    at Readable.<anonymous> (C:\\Users\\auto\\Desktop\\All_Project\\SOC\\SOC-BACK\\node_modules\\tedious\\lib\\token\\token-stream-parser.js:27:14)\n    at Readable.emit (node:events:524:28)\n    at addChunk (node:internal/streams/readable:561:12)\n    at readableAddChunkPushObjectMode (node:internal/streams/readable:538:3)\n    at Readable.push (node:internal/streams/readable:393:5)",
      "name": "RequestError"
    },
    "context": {
      "query": "\n          IF (\n            SELECT COUNT(ItemStatus)\n            FROM Request\n            WHERE ReqNo = 'undefined'\n            AND ItemStatus IN ('FINISH ITEM','FINISH RECHECK')\n          ) = (\n            SELECT COUNT(ReqStatus)\n            FROM Request\n            WHERE ReqNo = 'undefined'\n          )\n          BEGIN\n            UPDATE Request\n            SET ReqStatus = 'WAIT ITEM APPROVE'\n            WHERE ReqNo = 'undefined'\n          END;\n        "
    }
  }
}
--------------------------------------------------
{
  "timestamp": "2026-04-03 10:30:22",
  "level": "ERROR",
  "message": "Database query failed",
  "data": {
    "error": {
      "message": "Invalid column name 'ItemName'.",
      "stack": "RequestError: Invalid column name 'ItemName'.\n    at handleError (C:\\Users\\auto\\Desktop\\All_Project\\SOC\\SOC-BACK\\node_modules\\mssql\\lib\\tedious\\request.js:388:15)\n    at Connection.emit (node:events:524:28)\n    at Connection.emit (C:\\Users\\auto\\Desktop\\All_Project\\SOC\\SOC-BACK\\node_modules\\tedious\\lib\\connection.js:1071:18)\n    at Parser.<anonymous> (C:\\Users\\auto\\Desktop\\All_Project\\SOC\\SOC-BACK\\node_modules\\tedious\\lib\\connection.js:1176:12)\n    at Parser.emit (node:events:524:28)\n    at Readable.<anonymous> (C:\\Users\\auto\\Desktop\\All_Project\\SOC\\SOC-BACK\\node_modules\\tedious\\lib\\token\\token-stream-parser.js:27:14)\n    at Readable.emit (node:events:524:28)\n    at addChunk (node:internal/streams/readable:561:12)\n    at readableAddChunkPushObjectMode (node:internal/streams/readable:538:3)\n    at Readable.push (node:internal/streams/readable:393:5)",
      "name": "RequestError"
    },
    "context": {
      "query": "SELECT * From [SOC].[dbo].[Request] WHERE ItemName = 'Cd' ORDER BY ReqDate DESC"
    }
  }
}
--------------------------------------------------
{
  "timestamp": "2026-04-03 10:36:02",
  "level": "ERROR",
  "message": "Database query failed",
  "data": {
    "error": {
      "message": "Invalid column name 'ItemName'.",
      "stack": "RequestError: Invalid column name 'ItemName'.\n    at handleError (C:\\Users\\auto\\Desktop\\All_Project\\SOC\\SOC-BACK\\node_modules\\mssql\\lib\\tedious\\request.js:388:15)\n    at Connection.emit (node:events:524:28)\n    at Connection.emit (C:\\Users\\auto\\Desktop\\All_Project\\SOC\\SOC-BACK\\node_modules\\tedious\\lib\\connection.js:1071:18)\n    at Parser.<anonymous> (C:\\Users\\auto\\Desktop\\All_Project\\SOC\\SOC-BACK\\node_modules\\tedious\\lib\\connection.js:1176:12)\n    at Parser.emit (node:events:524:28)\n    at Readable.<anonymous> (C:\\Users\\auto\\Desktop\\All_Project\\SOC\\SOC-BACK\\node_modules\\tedious\\lib\\token\\token-stream-parser.js:27:14)\n    at Readable.emit (node:events:524:28)\n    at addChunk (node:internal/streams/readable:561:12)\n    at readableAddChunkPushObjectMode (node:internal/streams/readable:538:3)\n    at Readable.push (node:internal/streams/readable:393:5)",
      "name": "RequestError"
    },
    "context": {
      "query": "SELECT * From [SOC].[dbo].[Request] WHERE SampName = 'AD-4855' AND ItemName = 'undefined' ORDER BY ReqDate DESC"
    }
  }
}
--------------------------------------------------
{
  "timestamp": "2026-04-08 15:47:55",
  "level": "ERROR",
  "message": "Database query failed",
  "data": {
    "error": {
      "message": "Conversion failed when converting date and/or time from character string.",
      "stack": "RequestError: Conversion failed when converting date and/or time from character string.\n    at handleError (C:\\Users\\auto\\Desktop\\All_Project\\SOC\\SOC-BACK\\node_modules\\mssql\\lib\\tedious\\request.js:388:15)\n    at Connection.emit (node:events:524:28)\n    at Connection.emit (C:\\Users\\auto\\Desktop\\All_Project\\SOC\\SOC-BACK\\node_modules\\tedious\\lib\\connection.js:1071:18)\n    at Parser.<anonymous> (C:\\Users\\auto\\Desktop\\All_Project\\SOC\\SOC-BACK\\node_modules\\tedious\\lib\\connection.js:1176:12)\n    at Parser.emit (node:events:524:28)\n    at Readable.<anonymous> (C:\\Users\\auto\\Desktop\\All_Project\\SOC\\SOC-BACK\\node_modules\\tedious\\lib\\token\\token-stream-parser.js:27:14)\n    at Readable.emit (node:events:524:28)\n    at addChunk (node:internal/streams/readable:561:12)\n    at readableAddChunkPushObjectMode (node:internal/streams/readable:538:3)\n    at Readable.push (node:internal/streams/readable:393:5)",
      "name": "RequestError"
    },
    "context": {
      "query": "\n        UPDATE [SOC].[dbo].[Request]\n        SET [Peak_High] = 2,\n[Peak_Low] = 2,\n[Peak_High_Low] = 0,\n[Baseline_High] = 2,\n[Baseline_Low] = 2,\n[Baseline_High_Low] = 0,\n[Baseline_High_Lowx3] = 0,\n[ResultApprove] = N'V - spot test',\n[ItemApprover] = N'Sirawit',\n[ItemApproveDate] = N'2026-04-08T15:47:55.267Z',\n[ItemStatus] = N'RECHECK ITEM',\n[MethodTest] = N'Spot',\n[AnalysisDue] = N'[object Object]'\n        WHERE ID = '260';\n      "
    }
  }
}
--------------------------------------------------
{
  "timestamp": "2026-04-08 15:49:09",
  "level": "ERROR",
  "message": "Database query failed",
  "data": {
    "error": {
      "message": "Conversion failed when converting date and/or time from character string.",
      "stack": "RequestError: Conversion failed when converting date and/or time from character string.\n    at handleError (C:\\Users\\auto\\Desktop\\All_Project\\SOC\\SOC-BACK\\node_modules\\mssql\\lib\\tedious\\request.js:388:15)\n    at Connection.emit (node:events:524:28)\n    at Connection.emit (C:\\Users\\auto\\Desktop\\All_Project\\SOC\\SOC-BACK\\node_modules\\tedious\\lib\\connection.js:1071:18)\n    at Parser.<anonymous> (C:\\Users\\auto\\Desktop\\All_Project\\SOC\\SOC-BACK\\node_modules\\tedious\\lib\\connection.js:1176:12)\n    at Parser.emit (node:events:524:28)\n    at Readable.<anonymous> (C:\\Users\\auto\\Desktop\\All_Project\\SOC\\SOC-BACK\\node_modules\\tedious\\lib\\token\\token-stream-parser.js:27:14)\n    at Readable.emit (node:events:524:28)\n    at addChunk (node:internal/streams/readable:561:12)\n    at readableAddChunkPushObjectMode (node:internal/streams/readable:538:3)\n    at Readable.push (node:internal/streams/readable:393:5)",
      "name": "RequestError"
    },
    "context": {
      "query": "\n        UPDATE [SOC].[dbo].[Request]\n        SET [Peak_High] = 2,\n[Peak_Low] = 2,\n[Peak_High_Low] = 0,\n[Baseline_High] = 2,\n[Baseline_Low] = 2,\n[Baseline_High_Low] = 0,\n[Baseline_High_Lowx3] = 0,\n[ResultApprove] = N'V - spot test',\n[ItemApprover] = N'Sirawit',\n[ItemApproveDate] = N'2026-04-08T15:49:09.620Z',\n[ItemStatus] = N'RECHECK ITEM',\n[MethodTest] = N'Spot',\n[AnalysisDue] = N'[object Object]'\n        WHERE ID = '260';\n      "
    }
  }
}
--------------------------------------------------
{
  "timestamp": "2026-04-08 15:53:31",
  "level": "ERROR",
  "message": "Database query failed",
  "data": {
    "error": {
      "message": "Conversion failed when converting date and/or time from character string.",
      "stack": "RequestError: Conversion failed when converting date and/or time from character string.\n    at handleError (C:\\Users\\auto\\Desktop\\All_Project\\SOC\\SOC-BACK\\node_modules\\mssql\\lib\\tedious\\request.js:388:15)\n    at Connection.emit (node:events:524:28)\n    at Connection.emit (C:\\Users\\auto\\Desktop\\All_Project\\SOC\\SOC-BACK\\node_modules\\tedious\\lib\\connection.js:1071:18)\n    at Parser.<anonymous> (C:\\Users\\auto\\Desktop\\All_Project\\SOC\\SOC-BACK\\node_modules\\tedious\\lib\\connection.js:1176:12)\n    at Parser.emit (node:events:524:28)\n    at Readable.<anonymous> (C:\\Users\\auto\\Desktop\\All_Project\\SOC\\SOC-BACK\\node_modules\\tedious\\lib\\token\\token-stream-parser.js:27:14)\n    at Readable.emit (node:events:524:28)\n    at addChunk (node:internal/streams/readable:561:12)\n    at readableAddChunkPushObjectMode (node:internal/streams/readable:538:3)\n    at Readable.push (node:internal/streams/readable:393:5)",
      "name": "RequestError"
    },
    "context": {
      "query": "\n        UPDATE [SOC].[dbo].[Request]\n        SET [Peak_High] = 2,\n[Peak_Low] = 2,\n[Peak_High_Low] = 0,\n[Baseline_High] = 2,\n[Baseline_Low] = 2,\n[Baseline_High_Low] = 0,\n[Baseline_High_Lowx3] = 0,\n[ResultApprove] = N'V - spot test',\n[ItemApprover] = N'Sirawit',\n[ItemApproveDate] = N'2026-04-08T15:53:31.096Z',\n[ItemStatus] = N'RECHECK ITEM',\n[MethodTest] = N'Spot',\n[AnalysisDue] = N'[object Object]'\n        WHERE ID = '260';\n      "
    }
  }
}
--------------------------------------------------
{
  "timestamp": "2026-04-08 15:54:14",
  "level": "ERROR",
  "message": "Database query failed",
  "data": {
    "error": {
      "message": "Conversion failed when converting date and/or time from character string.",
      "stack": "RequestError: Conversion failed when converting date and/or time from character string.\n    at handleError (C:\\Users\\auto\\Desktop\\All_Project\\SOC\\SOC-BACK\\node_modules\\mssql\\lib\\tedious\\request.js:388:15)\n    at Connection.emit (node:events:524:28)\n    at Connection.emit (C:\\Users\\auto\\Desktop\\All_Project\\SOC\\SOC-BACK\\node_modules\\tedious\\lib\\connection.js:1071:18)\n    at Parser.<anonymous> (C:\\Users\\auto\\Desktop\\All_Project\\SOC\\SOC-BACK\\node_modules\\tedious\\lib\\connection.js:1176:12)\n    at Parser.emit (node:events:524:28)\n    at Readable.<anonymous> (C:\\Users\\auto\\Desktop\\All_Project\\SOC\\SOC-BACK\\node_modules\\tedious\\lib\\token\\token-stream-parser.js:27:14)\n    at Readable.emit (node:events:524:28)\n    at addChunk (node:internal/streams/readable:561:12)\n    at readableAddChunkPushObjectMode (node:internal/streams/readable:538:3)\n    at Readable.push (node:internal/streams/readable:393:5)",
      "name": "RequestError"
    },
    "context": {
      "query": "\n        UPDATE [SOC].[dbo].[Request]\n        SET [Peak_High] = 2,\n[Peak_Low] = 2,\n[Peak_High_Low] = 0,\n[Baseline_High] = 2,\n[Baseline_Low] = 2,\n[Baseline_High_Low] = 0,\n[Baseline_High_Lowx3] = 0,\n[ResultApprove] = N'V - spot test',\n[ItemApprover] = N'Sirawit',\n[ItemApproveDate] = N'2026-04-08T15:54:14.270Z',\n[ItemStatus] = N'RECHECK ITEM',\n[MethodTest] = N'Spot',\n[AnalysisDue] = N'[object Object]'\n        WHERE ID = '260';\n      "
    }
  }
}
--------------------------------------------------
{
  "timestamp": "2026-04-08 15:54:44",
  "level": "ERROR",
  "message": "Database query failed",
  "data": {
    "error": {
      "message": "Conversion failed when converting date and/or time from character string.",
      "stack": "RequestError: Conversion failed when converting date and/or time from character string.\n    at handleError (C:\\Users\\auto\\Desktop\\All_Project\\SOC\\SOC-BACK\\node_modules\\mssql\\lib\\tedious\\request.js:388:15)\n    at Connection.emit (node:events:524:28)\n    at Connection.emit (C:\\Users\\auto\\Desktop\\All_Project\\SOC\\SOC-BACK\\node_modules\\tedious\\lib\\connection.js:1071:18)\n    at Parser.<anonymous> (C:\\Users\\auto\\Desktop\\All_Project\\SOC\\SOC-BACK\\node_modules\\tedious\\lib\\connection.js:1176:12)\n    at Parser.emit (node:events:524:28)\n    at Readable.<anonymous> (C:\\Users\\auto\\Desktop\\All_Project\\SOC\\SOC-BACK\\node_modules\\tedious\\lib\\token\\token-stream-parser.js:27:14)\n    at Readable.emit (node:events:524:28)\n    at addChunk (node:internal/streams/readable:561:12)\n    at readableAddChunkPushObjectMode (node:internal/streams/readable:538:3)\n    at Readable.push (node:internal/streams/readable:393:5)",
      "name": "RequestError"
    },
    "context": {
      "query": "\n        UPDATE [SOC].[dbo].[Request]\n        SET [Peak_High] = 2,\n[Peak_Low] = 2,\n[Peak_High_Low] = 0,\n[Baseline_High] = 2,\n[Baseline_Low] = 2,\n[Baseline_High_Low] = 0,\n[Baseline_High_Lowx3] = 0,\n[ResultApprove] = N'V - spot test',\n[ItemApprover] = N'Sirawit',\n[ItemApproveDate] = N'2026-04-08T15:54:44.203Z',\n[ItemStatus] = N'RECHECK ITEM',\n[MethodTest] = N'Spot',\n[AnalysisDue] = N'[object Object]'\n        WHERE ID = '260';\n      "
    }
  }
}
--------------------------------------------------
{
  "timestamp": "2026-04-08 15:54:59",
  "level": "ERROR",
  "message": "Database query failed",
  "data": {
    "error": {
      "message": "Conversion failed when converting date and/or time from character string.",
      "stack": "RequestError: Conversion failed when converting date and/or time from character string.\n    at handleError (C:\\Users\\auto\\Desktop\\All_Project\\SOC\\SOC-BACK\\node_modules\\mssql\\lib\\tedious\\request.js:388:15)\n    at Connection.emit (node:events:524:28)\n    at Connection.emit (C:\\Users\\auto\\Desktop\\All_Project\\SOC\\SOC-BACK\\node_modules\\tedious\\lib\\connection.js:1071:18)\n    at Parser.<anonymous> (C:\\Users\\auto\\Desktop\\All_Project\\SOC\\SOC-BACK\\node_modules\\tedious\\lib\\connection.js:1176:12)\n    at Parser.emit (node:events:524:28)\n    at Readable.<anonymous> (C:\\Users\\auto\\Desktop\\All_Project\\SOC\\SOC-BACK\\node_modules\\tedious\\lib\\token\\token-stream-parser.js:27:14)\n    at Readable.emit (node:events:524:28)\n    at addChunk (node:internal/streams/readable:561:12)\n    at readableAddChunkPushObjectMode (node:internal/streams/readable:538:3)\n    at Readable.push (node:internal/streams/readable:393:5)",
      "name": "RequestError"
    },
    "context": {
      "query": "\n        UPDATE [SOC].[dbo].[Request]\n        SET [Peak_High] = 2,\n[Peak_Low] = 2,\n[Peak_High_Low] = 0,\n[Baseline_High] = 2,\n[Baseline_Low] = 2,\n[Baseline_High_Low] = 0,\n[Baseline_High_Lowx3] = 0,\n[ResultApprove] = N'V - spot test',\n[ItemApprover] = N'Sirawit',\n[ItemApproveDate] = N'2026-04-08T15:54:59.072Z',\n[ItemStatus] = N'RECHECK ITEM',\n[MethodTest] = N'Spot',\n[AnalysisDue] = N'[object Object]'\n        WHERE ID = '260';\n      "
    }
  }
}
--------------------------------------------------
{
  "timestamp": "2026-04-08 16:30:47",
  "level": "ERROR",
  "message": "Database query failed",
  "data": {
    "error": {
      "message": "Invalid column name 'ReceiveDate'.",
      "stack": "RequestError: Invalid column name 'ReceiveDate'.\n    at handleError (C:\\Users\\auto\\Desktop\\All_Project\\SOC\\SOC-BACK\\node_modules\\mssql\\lib\\tedious\\request.js:388:15)\n    at Connection.emit (node:events:524:28)\n    at Connection.emit (C:\\Users\\auto\\Desktop\\All_Project\\SOC\\SOC-BACK\\node_modules\\tedious\\lib\\connection.js:1071:18)\n    at Parser.<anonymous> (C:\\Users\\auto\\Desktop\\All_Project\\SOC\\SOC-BACK\\node_modules\\tedious\\lib\\connection.js:1176:12)\n    at Parser.emit (node:events:524:28)\n    at Readable.<anonymous> (C:\\Users\\auto\\Desktop\\All_Project\\SOC\\SOC-BACK\\node_modules\\tedious\\lib\\token\\token-stream-parser.js:27:14)\n    at Readable.emit (node:events:524:28)\n    at addChunk (node:internal/streams/readable:561:12)\n    at readableAddChunkPushObjectMode (node:internal/streams/readable:538:3)\n    at Readable.push (node:internal/streams/readable:393:5)",
      "name": "RequestError"
    },
    "context": {
      "query": "\n        UPDATE [SOC].[dbo].[Request]\n        SET \n            ReqStatus = 'RESEND SAMPLE',\n            ItemStatus = 'RESEND SAMPLE',\n            MethodTest = 'Screening',\n            UserSend = 'NULL',\n            SendDate = NULL,\n            Receiver = 'NULL',\n            ReceiveDate = NULL,\n            AnalysisDue = NULL,\n            AnalysisBy = 'NULL',\n            UserEditAnalysisDue = 'NULL',\n            EditAnalysisDueDate = NULL,\n            UserListItem = 'NULL',\n            ListItemDate = NULL,\n            Peak_High = NULL,\n            Peak_Low = NULL,\n            Peak_High_Low = NULL,\n            Baseline_High = NULL,\n            Baseline_Low = NULL,\n            Baseline_High_Low = NULL,\n            Baseline_High_Lowx3 = NULL,\n            Result_Screening = NULL,\n            UserAnalysisScreening = NULL,\n            AnalysisDateScreening = NULL,\n            Result_Spot = NULL,\n            UserAnalysisSpot = NULL,\n            AnalysisDateSpot = NULL,\n            Picture = NULL,\n            ResultApprove = NULL,\n            ItemApprover = NULL,\n            ItemApproveDate = NULL,\n            ReportApprover = NULL,\n            ReportApproveDate = NULL\n        WHERE ReqNo = 'SOC-26-0020';\n      "
    }
  }
}
--------------------------------------------------
{
  "timestamp": "2026-04-08 16:41:40",
  "level": "ERROR",
  "message": "Database query failed",
  "data": {
    "error": {
      "message": "The column name 'ResultApprove' is specified more than once in the SET clause or column list of an INSERT. A column cannot be assigned more than one value in the same clause. Modify the clause to make sure that a column is updated only once. If this statement updates or inserts columns into a view, column aliasing can conceal the duplication in your code.",
      "stack": "RequestError: The column name 'ResultApprove' is specified more than once in the SET clause or column list of an INSERT. A column cannot be assigned more than one value in the same clause. Modify the clause to make sure that a column is updated only once. If this statement updates or inserts columns into a view, column aliasing can conceal the duplication in your code.\n    at handleError (C:\\Users\\auto\\Desktop\\All_Project\\SOC\\SOC-BACK\\node_modules\\mssql\\lib\\tedious\\request.js:388:15)\n    at Connection.emit (node:events:524:28)\n    at Connection.emit (C:\\Users\\auto\\Desktop\\All_Project\\SOC\\SOC-BACK\\node_modules\\tedious\\lib\\connection.js:1071:18)\n    at Parser.<anonymous> (C:\\Users\\auto\\Desktop\\All_Project\\SOC\\SOC-BACK\\node_modules\\tedious\\lib\\connection.js:1176:12)\n    at Parser.emit (node:events:524:28)\n    at Readable.<anonymous> (C:\\Users\\auto\\Desktop\\All_Project\\SOC\\SOC-BACK\\node_modules\\tedious\\lib\\token\\token-stream-parser.js:27:14)\n    at Readable.emit (node:events:524:28)\n    at addChunk (node:internal/streams/readable:561:12)\n    at readableAddChunkPushObjectMode (node:internal/streams/readable:538:3)\n    at Readable.push (node:internal/streams/readable:393:5)",
      "name": "RequestError"
    },
    "context": {
      "query": "\n        UPDATE [SOC].[dbo].[Request]\n        SET [Peak_High] = 12,\n[Peak_Low] = 2,\n[Peak_High_Low] = 10,\n[Baseline_High] = 22,\n[Baseline_Low] = 2,\n[Baseline_High_Low] = 20,\n[Baseline_High_Lowx3] = 60,\n[ResultApprove] = N'V - recheck',\n[ItemApprover] = N'Sirawit',\n[ItemApproveDate] = N'2026-04-08T16:41:40.564Z',\n[ItemStatus] = N'RECHECK ITEM',\n[UserListItem] = NULL,\n[ListItemDate] = NULL,\n[Peak_High] = NULL,\n[Peak_Low] = NULL,\n[Peak_High_Low] = NULL,\n[Baseline_High] = NULL,\n[Baseline_Low] = NULL,\n[Baseline_High_Low] = NULL,\n[Baseline_High_Lowx3] = NULL,\n[Result_Screening] = NULL,\n[UserAnalysisScreening] = NULL,\n[AnalysisDateScreening] = NULL,\n[Result_Spot] = NULL,\n[UserAnalysisSpot] = NULL,\n[AnalysisDateSpot] = NULL,\n[Picture] = NULL,\n[ResultApprove] = NULL,\n[AnalysisDue] = N'2026-04-08'\n        WHERE ID = '255';\n      "
    }
  }
}
--------------------------------------------------
{
  "timestamp": "2026-04-08 16:42:46",
  "level": "ERROR",
  "message": "Database query failed",
  "data": {
    "error": {
      "message": "The column name 'ResultApprove' is specified more than once in the SET clause or column list of an INSERT. A column cannot be assigned more than one value in the same clause. Modify the clause to make sure that a column is updated only once. If this statement updates or inserts columns into a view, column aliasing can conceal the duplication in your code.",
      "stack": "RequestError: The column name 'ResultApprove' is specified more than once in the SET clause or column list of an INSERT. A column cannot be assigned more than one value in the same clause. Modify the clause to make sure that a column is updated only once. If this statement updates or inserts columns into a view, column aliasing can conceal the duplication in your code.\n    at handleError (C:\\Users\\auto\\Desktop\\All_Project\\SOC\\SOC-BACK\\node_modules\\mssql\\lib\\tedious\\request.js:388:15)\n    at Connection.emit (node:events:524:28)\n    at Connection.emit (C:\\Users\\auto\\Desktop\\All_Project\\SOC\\SOC-BACK\\node_modules\\tedious\\lib\\connection.js:1071:18)\n    at Parser.<anonymous> (C:\\Users\\auto\\Desktop\\All_Project\\SOC\\SOC-BACK\\node_modules\\tedious\\lib\\connection.js:1176:12)\n    at Parser.emit (node:events:524:28)\n    at Readable.<anonymous> (C:\\Users\\auto\\Desktop\\All_Project\\SOC\\SOC-BACK\\node_modules\\tedious\\lib\\token\\token-stream-parser.js:27:14)\n    at Readable.emit (node:events:524:28)\n    at addChunk (node:internal/streams/readable:561:12)\n    at readableAddChunkPushObjectMode (node:internal/streams/readable:538:3)\n    at Readable.push (node:internal/streams/readable:393:5)",
      "name": "RequestError"
    },
    "context": {
      "query": "\n        UPDATE [SOC].[dbo].[Request]\n        SET [Peak_High] = 12,\n[Peak_Low] = 2,\n[Peak_High_Low] = 10,\n[Baseline_High] = 22,\n[Baseline_Low] = 2,\n[Baseline_High_Low] = 20,\n[Baseline_High_Lowx3] = 60,\n[ResultApprove] = N'V - recheck',\n[ItemApprover] = N'Sirawit',\n[ItemApproveDate] = N'2026-04-08T16:42:46.002Z',\n[ItemStatus] = N'RECHECK ITEM',\n[UserListItem] = NULL,\n[ListItemDate] = NULL,\n[Peak_High] = NULL,\n[Peak_Low] = NULL,\n[Peak_High_Low] = NULL,\n[Baseline_High] = NULL,\n[Baseline_Low] = NULL,\n[Baseline_High_Low] = NULL,\n[Baseline_High_Lowx3] = NULL,\n[Result_Screening] = NULL,\n[UserAnalysisScreening] = NULL,\n[AnalysisDateScreening] = NULL,\n[Result_Spot] = NULL,\n[UserAnalysisSpot] = NULL,\n[AnalysisDateSpot] = NULL,\n[Picture] = NULL,\n[ResultApprove] = NULL,\n[AnalysisDue] = N'2026-04-08'\n        WHERE ID = '255';\n      "
    }
  }
}
--------------------------------------------------
{
  "timestamp": "2026-04-08 16:43:43",
  "level": "ERROR",
  "message": "Database query failed",
  "data": {
    "error": {
      "message": "The column name 'Baseline_High_Lowx3' is specified more than once in the SET clause or column list of an INSERT. A column cannot be assigned more than one value in the same clause. Modify the clause to make sure that a column is updated only once. If this statement updates or inserts columns into a view, column aliasing can conceal the duplication in your code.",
      "stack": "RequestError: The column name 'Baseline_High_Lowx3' is specified more than once in the SET clause or column list of an INSERT. A column cannot be assigned more than one value in the same clause. Modify the clause to make sure that a column is updated only once. If this statement updates or inserts columns into a view, column aliasing can conceal the duplication in your code.\n    at handleError (C:\\Users\\auto\\Desktop\\All_Project\\SOC\\SOC-BACK\\node_modules\\mssql\\lib\\tedious\\request.js:388:15)\n    at Connection.emit (node:events:524:28)\n    at Connection.emit (C:\\Users\\auto\\Desktop\\All_Project\\SOC\\SOC-BACK\\node_modules\\tedious\\lib\\connection.js:1071:18)\n    at Parser.<anonymous> (C:\\Users\\auto\\Desktop\\All_Project\\SOC\\SOC-BACK\\node_modules\\tedious\\lib\\connection.js:1176:12)\n    at Parser.emit (node:events:524:28)\n    at Readable.<anonymous> (C:\\Users\\auto\\Desktop\\All_Project\\SOC\\SOC-BACK\\node_modules\\tedious\\lib\\token\\token-stream-parser.js:27:14)\n    at Readable.emit (node:events:524:28)\n    at addChunk (node:internal/streams/readable:561:12)\n    at readableAddChunkPushObjectMode (node:internal/streams/readable:538:3)\n    at Readable.push (node:internal/streams/readable:393:5)",
      "name": "RequestError"
    },
    "context": {
      "query": "\n        UPDATE [SOC].[dbo].[Request]\n        SET [Peak_High] = 12,\n[Peak_Low] = 2,\n[Peak_High_Low] = 10,\n[Baseline_High] = 22,\n[Baseline_Low] = 2,\n[Baseline_High_Low] = 20,\n[Baseline_High_Lowx3] = 60,\n[ResultApprove] = N'V - recheck',\n[ItemApprover] = N'Sirawit',\n[ItemApproveDate] = N'2026-04-08T16:43:43.288Z',\n[ItemStatus] = N'RECHECK ITEM',\n[UserListItem] = NULL,\n[ListItemDate] = NULL,\n[Peak_High] = NULL,\n[Peak_Low] = NULL,\n[Peak_High_Low] = NULL,\n[Baseline_High] = NULL,\n[Baseline_Low] = NULL,\n[Baseline_High_Low] = NULL,\n[Baseline_High_Lowx3] = NULL,\n[Result_Screening] = NULL,\n[UserAnalysisScreening] = NULL,\n[AnalysisDateScreening] = NULL,\n[Result_Spot] = NULL,\n[UserAnalysisSpot] = NULL,\n[AnalysisDateSpot] = NULL,\n[Picture] = NULL,\n[AnalysisDue] = N'2026-04-08'\n        WHERE ID = '255';\n      "
    }
  }
}
--------------------------------------------------
{
  "timestamp": "2026-04-08 16:45:03",
  "level": "ERROR",
  "message": "Database query failed",
  "data": {
    "error": {
      "message": "The column name 'ResultApprove' is specified more than once in the SET clause or column list of an INSERT. A column cannot be assigned more than one value in the same clause. Modify the clause to make sure that a column is updated only once. If this statement updates or inserts columns into a view, column aliasing can conceal the duplication in your code.",
      "stack": "RequestError: The column name 'ResultApprove' is specified more than once in the SET clause or column list of an INSERT. A column cannot be assigned more than one value in the same clause. Modify the clause to make sure that a column is updated only once. If this statement updates or inserts columns into a view, column aliasing can conceal the duplication in your code.\n    at handleError (C:\\Users\\auto\\Desktop\\All_Project\\SOC\\SOC-BACK\\node_modules\\mssql\\lib\\tedious\\request.js:388:15)\n    at Connection.emit (node:events:524:28)\n    at Connection.emit (C:\\Users\\auto\\Desktop\\All_Project\\SOC\\SOC-BACK\\node_modules\\tedious\\lib\\connection.js:1071:18)\n    at Parser.<anonymous> (C:\\Users\\auto\\Desktop\\All_Project\\SOC\\SOC-BACK\\node_modules\\tedious\\lib\\connection.js:1176:12)\n    at Parser.emit (node:events:524:28)\n    at Readable.<anonymous> (C:\\Users\\auto\\Desktop\\All_Project\\SOC\\SOC-BACK\\node_modules\\tedious\\lib\\token\\token-stream-parser.js:27:14)\n    at Readable.emit (node:events:524:28)\n    at addChunk (node:internal/streams/readable:561:12)\n    at readableAddChunkPushObjectMode (node:internal/streams/readable:538:3)\n    at Readable.push (node:internal/streams/readable:393:5)",
      "name": "RequestError"
    },
    "context": {
      "query": "\n        UPDATE [SOC].[dbo].[Request]\n        SET [Peak_High] = 12,\n[Peak_Low] = 2,\n[Peak_High_Low] = 10,\n[Baseline_High] = 22,\n[Baseline_Low] = 2,\n[Baseline_High_Low] = 20,\n[Baseline_High_Lowx3] = 60,\n[ResultApprove] = N'V - recheck',\n[ItemApprover] = N'Sirawit',\n[ItemApproveDate] = N'2026-04-08T16:45:03.821Z',\n[ItemStatus] = N'RECHECK ITEM',\n[UserListItem] = NULL,\n[ListItemDate] = NULL,\n[Peak_High] = NULL,\n[Peak_Low] = NULL,\n[Peak_High_Low] = NULL,\n[Baseline_High] = NULL,\n[Baseline_Low] = NULL,\n[Baseline_High_Low] = NULL,\n[Baseline_High_Lowx3] = NULL,\n[Result_Screening] = NULL,\n[UserAnalysisScreening] = NULL,\n[AnalysisDateScreening] = NULL,\n[Result_Spot] = NULL,\n[UserAnalysisSpot] = NULL,\n[AnalysisDateSpot] = NULL,\n[Picture] = NULL,\n[ResultApprove] = NULL,\n[AnalysisDue] = N'2026-04-08'\n        WHERE ID = '255';\n      "
    }
  }
}
--------------------------------------------------
{
  "timestamp": "2026-04-08 16:49:41",
  "level": "ERROR",
  "message": "Database query failed",
  "data": {
    "error": {
      "message": "The column name 'ResultApprove' is specified more than once in the SET clause or column list of an INSERT. A column cannot be assigned more than one value in the same clause. Modify the clause to make sure that a column is updated only once. If this statement updates or inserts columns into a view, column aliasing can conceal the duplication in your code.",
      "stack": "RequestError: The column name 'ResultApprove' is specified more than once in the SET clause or column list of an INSERT. A column cannot be assigned more than one value in the same clause. Modify the clause to make sure that a column is updated only once. If this statement updates or inserts columns into a view, column aliasing can conceal the duplication in your code.\n    at handleError (C:\\Users\\auto\\Desktop\\All_Project\\SOC\\SOC-BACK\\node_modules\\mssql\\lib\\tedious\\request.js:388:15)\n    at Connection.emit (node:events:524:28)\n    at Connection.emit (C:\\Users\\auto\\Desktop\\All_Project\\SOC\\SOC-BACK\\node_modules\\tedious\\lib\\connection.js:1071:18)\n    at Parser.<anonymous> (C:\\Users\\auto\\Desktop\\All_Project\\SOC\\SOC-BACK\\node_modules\\tedious\\lib\\connection.js:1176:12)\n    at Parser.emit (node:events:524:28)\n    at Readable.<anonymous> (C:\\Users\\auto\\Desktop\\All_Project\\SOC\\SOC-BACK\\node_modules\\tedious\\lib\\token\\token-stream-parser.js:27:14)\n    at Readable.emit (node:events:524:28)\n    at addChunk (node:internal/streams/readable:561:12)\n    at readableAddChunkPushObjectMode (node:internal/streams/readable:538:3)\n    at Readable.push (node:internal/streams/readable:393:5)",
      "name": "RequestError"
    },
    "context": {
      "query": "\n        UPDATE [SOC].[dbo].[Request]\n        SET [ResultApprove] = N'V - recheck',\n[ItemApprover] = N'Sirawit',\n[ItemApproveDate] = N'2026-04-08T16:49:41.569Z',\n[ItemStatus] = N'RECHECK ITEM',\n[UserListItem] = NULL,\n[ListItemDate] = NULL,\n[Peak_High] = NULL,\n[Peak_Low] = NULL,\n[Peak_High_Low] = NULL,\n[Baseline_High] = NULL,\n[Baseline_Low] = NULL,\n[Baseline_High_Low] = NULL,\n[Baseline_High_Lowx3] = NULL,\n[Result_Screening] = NULL,\n[UserAnalysisScreening] = NULL,\n[AnalysisDateScreening] = NULL,\n[Result_Spot] = NULL,\n[UserAnalysisSpot] = NULL,\n[AnalysisDateSpot] = NULL,\n[Picture] = NULL,\n[ResultApprove] = NULL,\n[AnalysisDue] = N'2026-04-08'\n        WHERE ID = '255';\n      "
    }
  }
}
--------------------------------------------------
{
  "timestamp": "2026-04-08 20:40:25",
  "level": "ERROR",
  "message": "Database query failed",
  "data": {
    "error": {
      "message": "Conversion failed when converting date and/or time from character string.",
      "stack": "RequestError: Conversion failed when converting date and/or time from character string.\n    at handleError (C:\\Users\\auto\\Desktop\\All_Project\\SOC\\SOC-BACK\\node_modules\\mssql\\lib\\tedious\\request.js:388:15)\n    at Connection.emit (node:events:524:28)\n    at Connection.emit (C:\\Users\\auto\\Desktop\\All_Project\\SOC\\SOC-BACK\\node_modules\\tedious\\lib\\connection.js:1071:18)\n    at Parser.<anonymous> (C:\\Users\\auto\\Desktop\\All_Project\\SOC\\SOC-BACK\\node_modules\\tedious\\lib\\connection.js:1176:12)\n    at Parser.emit (node:events:524:28)\n    at Readable.<anonymous> (C:\\Users\\auto\\Desktop\\All_Project\\SOC\\SOC-BACK\\node_modules\\tedious\\lib\\token\\token-stream-parser.js:27:14)\n    at Readable.emit (node:events:524:28)\n    at addChunk (node:internal/streams/readable:561:12)\n    at readableAddChunkPushObjectMode (node:internal/streams/readable:538:3)\n    at Readable.push (node:internal/streams/readable:393:5)",
      "name": "RequestError"
    },
    "context": {
      "query": "\n      UPDATE [SOC].[dbo].[Request]\n      SET [ReqStatus] = 'SEND SAMPLE',\n[ItemStatus] = 'SEND SAMPLE',\n[SampDate] = 'undefined',\n[LotNo] = 'undefined',\n[UserSend] = 'Sirawit',\n[SendDate] = '2026-04-08T20:40:25.255Z'\n      WHERE ID = '300';\n    \n\n      UPDATE [SOC].[dbo].[Request]\n      SET [ReqStatus] = 'SEND SAMPLE',\n[ItemStatus] = 'SEND SAMPLE',\n[SampDate] = 'undefined',\n[LotNo] = 'undefined',\n[UserSend] = 'Sirawit',\n[SendDate] = '2026-04-08T20:40:25.255Z'\n      WHERE ID = '301';\n    \n\n      UPDATE [SOC].[dbo].[Request]\n      SET [ReqStatus] = 'SEND SAMPLE',\n[ItemStatus] = 'SEND SAMPLE',\n[SampDate] = 'undefined',\n[LotNo] = 'undefined',\n[UserSend] = 'Sirawit',\n[SendDate] = '2026-04-08T20:40:25.255Z'\n      WHERE ID = '302';\n    \n\n      UPDATE [SOC].[dbo].[Request]\n      SET [ReqStatus] = 'SEND SAMPLE',\n[ItemStatus] = 'SEND SAMPLE',\n[SampDate] = 'undefined',\n[LotNo] = 'undefined',\n[UserSend] = 'Sirawit',\n[SendDate] = '2026-04-08T20:40:25.255Z'\n      WHERE ID = '303';\n    \n\n      UPDATE [SOC].[dbo].[Request]\n      SET [ReqStatus] = 'SEND SAMPLE',\n[ItemStatus] = 'SEND SAMPLE',\n[SampDate] = 'undefined',\n[LotNo] = 'undefined',\n[UserSend] = 'Sirawit',\n[SendDate] = '2026-04-08T20:40:25.255Z'\n      WHERE ID = '304';\n    \n"
    }
  }
}
--------------------------------------------------
{
  "timestamp": "2026-04-24 10:05:11",
  "level": "ERROR",
  "message": "Database query failed",
  "data": {
    "error": {
      "message": "Invalid column name 'BottleNo'.",
      "stack": "RequestError: Invalid column name 'BottleNo'.\n    at handleError (C:\\Users\\auto\\Desktop\\All_Project\\SOC\\SOC-BACK\\node_modules\\mssql\\lib\\tedious\\request.js:388:15)\n    at Connection.emit (node:events:524:28)\n    at Connection.emit (C:\\Users\\auto\\Desktop\\All_Project\\SOC\\SOC-BACK\\node_modules\\tedious\\lib\\connection.js:1071:18)\n    at Parser.<anonymous> (C:\\Users\\auto\\Desktop\\All_Project\\SOC\\SOC-BACK\\node_modules\\tedious\\lib\\connection.js:1176:12)\n    at Parser.emit (node:events:524:28)\n    at Readable.<anonymous> (C:\\Users\\auto\\Desktop\\All_Project\\SOC\\SOC-BACK\\node_modules\\tedious\\lib\\token\\token-stream-parser.js:27:14)\n    at Readable.emit (node:events:524:28)\n    at addChunk (node:internal/streams/readable:561:12)\n    at readableAddChunkPushObjectMode (node:internal/streams/readable:538:3)\n    at Readable.push (node:internal/streams/readable:393:5)",
      "name": "RequestError"
    },
    "context": {
      "query": "SELECT \n                    I.*, \n                    R1.FullName AS JobApprover_FullName,\n                    R1.RegistrationNo AS JobApprover_RegistrationNo,\n                    R2.FullName AS ReportApprover_FullName,\n                    R2.RegistrationNo AS ReportApprover_RegistrationNo\n                FROM [SOC].[dbo].[Request] I\n\n                LEFT JOIN [SAR].[dbo].[Master_User] R1\n                    ON I.JobApprover COLLATE Thai_CI_AS = R1.Name COLLATE Thai_CI_AS\n\n                LEFT JOIN [SAR].[dbo].[Master_User] R2\n                    ON I.ReportApprover COLLATE Thai_CI_AS = R2.Name COLLATE Thai_CI_AS\n\n                WHERE I.ReqNo = 'SOC-26-0005'\n                ORDER BY I.BottleNo, I.ItemNo;\n                "
    }
  }
}
--------------------------------------------------
{
  "timestamp": "2026-04-24 10:07:39",
  "level": "ERROR",
  "message": "Database query failed",
  "data": {
    "error": {
      "message": "Invalid column name 'JobApprover'.",
      "stack": "RequestError: Invalid column name 'JobApprover'.\n    at handleError (C:\\Users\\auto\\Desktop\\All_Project\\SOC\\SOC-BACK\\node_modules\\mssql\\lib\\tedious\\request.js:388:15)\n    at Connection.emit (node:events:524:28)\n    at Connection.emit (C:\\Users\\auto\\Desktop\\All_Project\\SOC\\SOC-BACK\\node_modules\\tedious\\lib\\connection.js:1071:18)\n    at Parser.<anonymous> (C:\\Users\\auto\\Desktop\\All_Project\\SOC\\SOC-BACK\\node_modules\\tedious\\lib\\connection.js:1176:12)\n    at Parser.emit (node:events:524:28)\n    at Readable.<anonymous> (C:\\Users\\auto\\Desktop\\All_Project\\SOC\\SOC-BACK\\node_modules\\tedious\\lib\\token\\token-stream-parser.js:27:14)\n    at Readable.emit (node:events:524:28)\n    at addChunk (node:internal/streams/readable:561:12)\n    at readableAddChunkPushObjectMode (node:internal/streams/readable:538:3)\n    at Readable.push (node:internal/streams/readable:393:5)",
      "name": "RequestError"
    },
    "context": {
      "query": "SELECT \n                    I.*, \n                    R1.FullName AS JobApprover_FullName,\n                    R1.RegistrationNo AS JobApprover_RegistrationNo,\n                    R2.FullName AS ReportApprover_FullName,\n                    R2.RegistrationNo AS ReportApprover_RegistrationNo\n                FROM [SOC].[dbo].[Request] I\n\n                LEFT JOIN [SAR].[dbo].[Master_User] R1\n                    ON I.JobApprover COLLATE Thai_CI_AS = R1.Name COLLATE Thai_CI_AS\n\n                LEFT JOIN [SAR].[dbo].[Master_User] R2\n                    ON I.ReportApprover COLLATE Thai_CI_AS = R2.Name COLLATE Thai_CI_AS\n\n                WHERE I.ReqNo = 'SOC-26-0005'\n                ORDER BY I.ItemNo;\n                "
    }
  }
}
--------------------------------------------------
{
  "timestamp": "2026-04-24 15:14:13",
  "level": "ERROR",
  "message": "Database query failed",
  "data": {
    "error": {
      "message": "Invalid column name 'SampleCode'.",
      "stack": "RequestError: Invalid column name 'SampleCode'.\n    at handleError (C:\\Users\\auto\\Desktop\\All_Project\\SOC\\SOC-BACK\\node_modules\\mssql\\lib\\tedious\\request.js:388:15)\n    at Connection.emit (node:events:524:28)\n    at Connection.emit (C:\\Users\\auto\\Desktop\\All_Project\\SOC\\SOC-BACK\\node_modules\\tedious\\lib\\connection.js:1071:18)\n    at Parser.<anonymous> (C:\\Users\\auto\\Desktop\\All_Project\\SOC\\SOC-BACK\\node_modules\\tedious\\lib\\connection.js:1176:12)\n    at Parser.emit (node:events:524:28)\n    at Readable.<anonymous> (C:\\Users\\auto\\Desktop\\All_Project\\SOC\\SOC-BACK\\node_modules\\tedious\\lib\\token\\token-stream-parser.js:27:14)\n    at Readable.emit (node:events:524:28)\n    at addChunk (node:internal/streams/readable:561:12)\n    at readableAddChunkPushObjectMode (node:internal/streams/readable:538:3)\n    at Readable.push (node:internal/streams/readable:393:5)",
      "name": "RequestError"
    },
    "context": {
      "query": "\n      SELECT COUNT(*) AS Total,\n             SUM(CASE WHEN ItemStatus IN ('COMPLETE', 'CANCEL', 'REJECT') THEN 1 ELSE 0 END) AS Sent\n      FROM [SOC].[dbo].[Request]\n      WHERE SampleCode = 'undefined';\n      "
    }
  }
}
--------------------------------------------------
{
  "timestamp": "2026-04-29 17:04:07",
  "level": "ERROR",
  "message": "Database query failed",
  "data": {
    "error": {
      "message": "Invalid column name 'MethodTest'.",
      "stack": "RequestError: Invalid column name 'MethodTest'.\n    at handleError (C:\\Users\\auto\\Desktop\\All_Project\\SOC\\SOC-BACK\\node_modules\\mssql\\lib\\tedious\\request.js:388:15)\n    at Connection.emit (node:events:524:28)\n    at Connection.emit (C:\\Users\\auto\\Desktop\\All_Project\\SOC\\SOC-BACK\\node_modules\\tedious\\lib\\connection.js:1071:18)\n    at Parser.<anonymous> (C:\\Users\\auto\\Desktop\\All_Project\\SOC\\SOC-BACK\\node_modules\\tedious\\lib\\connection.js:1176:12)\n    at Parser.emit (node:events:524:28)\n    at Readable.<anonymous> (C:\\Users\\auto\\Desktop\\All_Project\\SOC\\SOC-BACK\\node_modules\\tedious\\lib\\token\\token-stream-parser.js:27:14)\n    at Readable.emit (node:events:524:28)\n    at addChunk (node:internal/streams/readable:561:12)\n    at readableAddChunkPushObjectMode (node:internal/streams/readable:538:3)\n    at Readable.push (node:internal/streams/readable:393:5)",
      "name": "RequestError"
    },
    "context": {
      "query": "\n          SELECT TOP 1 Method \n          FROM [SOC].[dbo].[master_items]\n          WHERE MethodTest = 'Spot'\n        "
    }
  }
}
--------------------------------------------------
{
  "timestamp": "2026-05-07 16:58:55",
  "level": "ERROR",
  "message": "Database query failed",
  "data": {
    "error": {
      "message": "Invalid column name 'ReqBranch'.",
      "stack": "RequestError: Invalid column name 'ReqBranch'.\n    at handleError (C:\\Users\\auto\\Desktop\\All_Project\\SOC\\SOC-BACK\\node_modules\\mssql\\lib\\tedious\\request.js:388:15)\n    at Connection.emit (node:events:524:28)\n    at Connection.emit (C:\\Users\\auto\\Desktop\\All_Project\\SOC\\SOC-BACK\\node_modules\\tedious\\lib\\connection.js:1071:18)\n    at Parser.<anonymous> (C:\\Users\\auto\\Desktop\\All_Project\\SOC\\SOC-BACK\\node_modules\\tedious\\lib\\connection.js:1176:12)\n    at Parser.emit (node:events:524:28)\n    at Readable.<anonymous> (C:\\Users\\auto\\Desktop\\All_Project\\SOC\\SOC-BACK\\node_modules\\tedious\\lib\\token\\token-stream-parser.js:27:14)\n    at Readable.emit (node:events:524:28)\n    at addChunk (node:internal/streams/readable:561:12)\n    at readableAddChunkPushObjectMode (node:internal/streams/readable:538:3)\n    at Readable.push (node:internal/streams/readable:393:5)",
      "name": "RequestError"
    },
    "context": {
      "query": "SELECT \n    AnalysisDue,\n    ReqBranch,\n    COUNT(CASE WHEN ItemStatus = 'RECEIVE SAMPLE' THEN 1 END) AS RECEIVE,\n    COUNT(CASE WHEN ItemStatus = 'LIST ITEM' THEN 1 END) AS WAITANALYSIS,\n    COUNT(CASE WHEN ItemStatus = 'RECHECK ITEM' THEN 1 END) AS WAITLISTRECHECK,\n    COUNT(CASE WHEN ItemStatus = 'LIST RECHECK' THEN 1 END) AS WAITRECHECK,\n    COUNT(CASE WHEN ItemStatus = 'FINISH ITEM' THEN 1 END) AS WAITAPPROVEJOB,\n    COUNT(CASE WHEN ItemStatus = 'APPROVE ITEM' THEN 1 END) AS WAITAPPROVEREPORT\n    FROM [SOC].[dbo].[Request]\n    WHERE AnalysisDue BETWEEN \n      DATEADD(day,-45, CONVERT(date, GETDATE())) \n      AND DATEADD(day, 30, CONVERT(date, GETDATE()))\n    GROUP BY AnalysisDue, ReqBranch\n    ORDER BY AnalysisDue ASC;\n  "
    }
  }
}
--------------------------------------------------
{
  "timestamp": "2026-05-07 16:59:29",
  "level": "ERROR",
  "message": "Database query failed",
  "data": {
    "error": {
      "message": "Invalid column name 'ReqBranch'.",
      "stack": "RequestError: Invalid column name 'ReqBranch'.\n    at handleError (C:\\Users\\auto\\Desktop\\All_Project\\SOC\\SOC-BACK\\node_modules\\mssql\\lib\\tedious\\request.js:388:15)\n    at Connection.emit (node:events:524:28)\n    at Connection.emit (C:\\Users\\auto\\Desktop\\All_Project\\SOC\\SOC-BACK\\node_modules\\tedious\\lib\\connection.js:1071:18)\n    at Parser.<anonymous> (C:\\Users\\auto\\Desktop\\All_Project\\SOC\\SOC-BACK\\node_modules\\tedious\\lib\\connection.js:1176:12)\n    at Parser.emit (node:events:524:28)\n    at Readable.<anonymous> (C:\\Users\\auto\\Desktop\\All_Project\\SOC\\SOC-BACK\\node_modules\\tedious\\lib\\token\\token-stream-parser.js:27:14)\n    at Readable.emit (node:events:524:28)\n    at addChunk (node:internal/streams/readable:561:12)\n    at readableAddChunkPushObjectMode (node:internal/streams/readable:538:3)\n    at Readable.push (node:internal/streams/readable:393:5)",
      "name": "RequestError"
    },
    "context": {
      "query": "SELECT \n    AnalysisDue,\n    COUNT(CASE WHEN ItemStatus = 'RECEIVE SAMPLE' THEN 1 END) AS RECEIVE,\n    COUNT(CASE WHEN ItemStatus = 'LIST ITEM' THEN 1 END) AS WAITANALYSIS,\n    COUNT(CASE WHEN ItemStatus = 'RECHECK ITEM' THEN 1 END) AS WAITLISTRECHECK,\n    COUNT(CASE WHEN ItemStatus = 'LIST RECHECK' THEN 1 END) AS WAITRECHECK,\n    COUNT(CASE WHEN ItemStatus = 'FINISH ITEM' THEN 1 END) AS WAITAPPROVEJOB,\n    COUNT(CASE WHEN ItemStatus = 'APPROVE ITEM' THEN 1 END) AS WAITAPPROVEREPORT\n    FROM [SOC].[dbo].[Request]\n    WHERE AnalysisDue BETWEEN \n      DATEADD(day,-45, CONVERT(date, GETDATE())) \n      AND DATEADD(day, 30, CONVERT(date, GETDATE()))\n    GROUP BY AnalysisDue, ReqBranch\n    ORDER BY AnalysisDue ASC;\n  "
    }
  }
}
--------------------------------------------------
{
  "timestamp": "2026-05-21 15:08:06",
  "level": "ERROR",
  "message": "Database query failed",
  "data": {
    "error": {
      "message": "Invalid column name 'Result_2'.",
      "stack": "RequestError: Invalid column name 'Result_2'.\n    at handleError (C:\\Users\\auto\\Desktop\\All_Project\\SOC\\SOC-BACK\\node_modules\\mssql\\lib\\tedious\\request.js:388:15)\n    at Connection.emit (node:events:524:28)\n    at Connection.emit (C:\\Users\\auto\\Desktop\\All_Project\\SOC\\SOC-BACK\\node_modules\\tedious\\lib\\connection.js:1071:18)\n    at Parser.<anonymous> (C:\\Users\\auto\\Desktop\\All_Project\\SOC\\SOC-BACK\\node_modules\\tedious\\lib\\connection.js:1176:12)\n    at Parser.emit (node:events:524:28)\n    at Readable.<anonymous> (C:\\Users\\auto\\Desktop\\All_Project\\SOC\\SOC-BACK\\node_modules\\tedious\\lib\\token\\token-stream-parser.js:27:14)\n    at Readable.emit (node:events:524:28)\n    at addChunk (node:internal/streams/readable:561:12)\n    at readableAddChunkPushObjectMode (node:internal/streams/readable:538:3)\n    at Readable.push (node:internal/streams/readable:393:5)",
      "name": "RequestError"
    },
    "context": {
      "query": "\n  SELECT \n    t.ID, t.ReqNo, t.ReqSection, t.ReqDate, t.ReqUser, t.SampDate, t.SampName,\n    t.PhysicalProperties, t.SamplePreparation, t.Scrap, t.LotNo, t.ItemNo,\n    t.ItemShort, t.ItemFull, t.MethodTest, t.Spectrum, t.Method, t.MethodLimit,\n    t.ReqStatus, t.ItemStatus, t.UserSend, t.SendDate, t.Receiver, t.ReceivedDate,\n    t.AnalysisBy, t.UserEditAnalysisDue, t.EditAnalysisDueDate,\n    t.UserReject, t.RejectDate, t.RemarkReject, t.UserListItem, t.ListItemDate,\n    t.Peak_High, t.Peak_Low, t.Peak_High_Low, t.Baseline_High, t.Baseline_Low,\n    t.Baseline_High_Low, t.Baseline_High_Lowx3, t.Result_Screening,\n    t.UserAnalysisScreening, t.AnalysisDateScreening, t.Result_Spot,\n    t.UserAnalysisSpot, t.AnalysisDateSpot, t.Picture, t.Result_1, t.Result_2,\n    t.ResultApprove, t.ItemApprover, t.ItemApproveDate, t.ReportApprover, t.ReportApproveDate,\n    sub.MaxAnalysisDue AS AnalysisDue\n  FROM [SOC].[dbo].[Request] t\n  INNER JOIN (\n    SELECT ReqNo, MAX(AnalysisDue) AS MaxAnalysisDue\n    FROM [SOC].[dbo].[Request]\n    WHERE ItemStatus IN ('LIST ITEM', 'FINISH ITEM', 'LIST RECHECK', 'FINISH RECHECK', 'LIST RECONFIRM', 'FINISH RECONFIRM')\n    GROUP BY ReqNo\n  ) sub ON t.ReqNo = sub.ReqNo\n  WHERE MethodTest = 'Screening' AND UserListItem = 'Sirawit' AND t.ItemStatus IN ('LIST ITEM', 'FINISH ITEM', 'LIST RECHECK', 'FINISH RECHECK', 'LIST RECONFIRM', 'FINISH RECONFIRM')\n  ORDER BY sub.MaxAnalysisDue, t.ReqNo DESC;\n"
    }
  }
}
--------------------------------------------------
{
  "timestamp": "2026-05-21 15:10:30",
  "level": "ERROR",
  "message": "Database query failed",
  "data": {
    "error": {
      "message": "Invalid column name 'Result_2'.",
      "stack": "RequestError: Invalid column name 'Result_2'.\n    at handleError (C:\\Users\\auto\\Desktop\\All_Project\\SOC\\SOC-BACK\\node_modules\\mssql\\lib\\tedious\\request.js:388:15)\n    at Connection.emit (node:events:524:28)\n    at Connection.emit (C:\\Users\\auto\\Desktop\\All_Project\\SOC\\SOC-BACK\\node_modules\\tedious\\lib\\connection.js:1071:18)\n    at Parser.<anonymous> (C:\\Users\\auto\\Desktop\\All_Project\\SOC\\SOC-BACK\\node_modules\\tedious\\lib\\connection.js:1176:12)\n    at Parser.emit (node:events:524:28)\n    at Readable.<anonymous> (C:\\Users\\auto\\Desktop\\All_Project\\SOC\\SOC-BACK\\node_modules\\tedious\\lib\\token\\token-stream-parser.js:27:14)\n    at Readable.emit (node:events:524:28)\n    at addChunk (node:internal/streams/readable:561:12)\n    at readableAddChunkPushObjectMode (node:internal/streams/readable:538:3)\n    at Readable.push (node:internal/streams/readable:393:5)",
      "name": "RequestError"
    },
    "context": {
      "query": "\n  SELECT \n    t.ID, t.ReqNo, t.ReqSection, t.ReqDate, t.ReqUser, t.SampDate, t.SampName,\n    t.PhysicalProperties, t.SamplePreparation, t.Scrap, t.LotNo, t.ItemNo,\n    t.ItemShort, t.ItemFull, t.MethodTest, t.Spectrum, t.Method, t.MethodLimit,\n    t.ReqStatus, t.ItemStatus, t.UserSend, t.SendDate, t.Receiver, t.ReceivedDate,\n    t.AnalysisBy, t.UserEditAnalysisDue, t.EditAnalysisDueDate,\n    t.UserReject, t.RejectDate, t.RemarkReject, t.UserListItem, t.ListItemDate,\n    t.Peak_High, t.Peak_Low, t.Peak_High_Low, t.Baseline_High, t.Baseline_Low,\n    t.Baseline_High_Low, t.Baseline_High_Lowx3, t.Result_Screening,\n    t.UserAnalysisScreening, t.AnalysisDateScreening, t.Result_Spot,\n    t.UserAnalysisSpot, t.AnalysisDateSpot, t.Picture, t.Result_1, t.Result_2,\n    t.ResultApprove, t.ItemApprover, t.ItemApproveDate, t.ReportApprover, t.ReportApproveDate,\n    t.EditLotNoDate, t.EditReceivedDate, t.EditSampDate,\n    t.UserEditLotNo, t.UserEditReceived, t.UserEditSamp,\n    sub.MaxAnalysisDue AS AnalysisDue\n  FROM [SOC].[dbo].[Request] t\n  INNER JOIN (\n    SELECT ReqNo, MAX(AnalysisDue) AS MaxAnalysisDue\n    FROM [SOC].[dbo].[Request]\n    WHERE ItemStatus IN ('LIST ITEM', 'FINISH ITEM', 'LIST RECHECK', 'FINISH RECHECK', 'LIST RECONFIRM', 'FINISH RECONFIRM')\n    GROUP BY ReqNo\n  ) sub ON t.ReqNo = sub.ReqNo\n  WHERE MethodTest = 'Screening' AND UserListItem = 'Sirawit' AND t.ItemStatus IN ('LIST ITEM', 'FINISH ITEM', 'LIST RECHECK', 'FINISH RECHECK', 'LIST RECONFIRM', 'FINISH RECONFIRM')\n  ORDER BY sub.MaxAnalysisDue, t.ReqNo DESC;\n"
    }
  }
}
--------------------------------------------------
{
  "timestamp": "2026-05-21 15:11:35",
  "level": "ERROR",
  "message": "Database query failed",
  "data": {
    "error": {
      "message": "Invalid column name 'Result_1'.",
      "stack": "RequestError: Invalid column name 'Result_1'.\n    at handleError (C:\\Users\\auto\\Desktop\\All_Project\\SOC\\SOC-BACK\\node_modules\\mssql\\lib\\tedious\\request.js:388:15)\n    at Connection.emit (node:events:524:28)\n    at Connection.emit (C:\\Users\\auto\\Desktop\\All_Project\\SOC\\SOC-BACK\\node_modules\\tedious\\lib\\connection.js:1071:18)\n    at Parser.<anonymous> (C:\\Users\\auto\\Desktop\\All_Project\\SOC\\SOC-BACK\\node_modules\\tedious\\lib\\connection.js:1176:12)\n    at Parser.emit (node:events:524:28)\n    at Readable.<anonymous> (C:\\Users\\auto\\Desktop\\All_Project\\SOC\\SOC-BACK\\node_modules\\tedious\\lib\\token\\token-stream-parser.js:27:14)\n    at Readable.emit (node:events:524:28)\n    at addChunk (node:internal/streams/readable:561:12)\n    at readableAddChunkPushObjectMode (node:internal/streams/readable:538:3)\n    at Readable.push (node:internal/streams/readable:393:5)",
      "name": "RequestError"
    },
    "context": {
      "query": "\n  SELECT \n    t.ID, t.ReqNo, t.ReqSection, t.ReqDate, t.ReqUser, t.SampDate, t.SampName,\n    t.PhysicalProperties, t.SamplePreparation, t.Scrap, t.LotNo, t.ItemNo,\n    t.ItemShort, t.ItemFull, t.MethodTest, t.Spectrum, t.Method, t.MethodLimit,\n    t.ReqStatus, t.ItemStatus, t.UserSend, t.SendDate, t.Receiver, t.ReceivedDate,\n    t.AnalysisBy, t.UserEditAnalysisDue, t.EditAnalysisDueDate,\n    t.UserReject, t.RejectDate, t.RemarkReject, t.UserListItem, t.ListItemDate,\n    t.Peak_High, t.Peak_Low, t.Peak_High_Low, t.Baseline_High, t.Baseline_Low,\n    t.Baseline_High_Low, t.Baseline_High_Lowx3, t.Result_Screening,\n    t.UserAnalysisScreening, t.AnalysisDateScreening, t.Result_Spot,\n    t.UserAnalysisSpot, t.AnalysisDateSpot, t.Picture, t.Result_1,\n    t.ResultApprove, t.ItemApprover, t.ItemApproveDate, t.ReportApprover, t.ReportApproveDate,\n    t.EditLotNoDate, t.EditReceivedDate, t.EditSampDate,\n    t.UserEditLotNo, t.UserEditReceived, t.UserEditSamp,\n    sub.MaxAnalysisDue AS AnalysisDue\n  FROM [SOC].[dbo].[Request] t\n  INNER JOIN (\n    SELECT ReqNo, MAX(AnalysisDue) AS MaxAnalysisDue\n    FROM [SOC].[dbo].[Request]\n    WHERE ItemStatus IN ('LIST ITEM', 'FINISH ITEM', 'LIST RECHECK', 'FINISH RECHECK', 'LIST RECONFIRM', 'FINISH RECONFIRM')\n    GROUP BY ReqNo\n  ) sub ON t.ReqNo = sub.ReqNo\n  WHERE MethodTest = 'Screening' AND UserListItem = 'Sirawit' AND t.ItemStatus IN ('LIST ITEM', 'FINISH ITEM', 'LIST RECHECK', 'FINISH RECHECK', 'LIST RECONFIRM', 'FINISH RECONFIRM')\n  ORDER BY sub.MaxAnalysisDue, t.ReqNo DESC;\n"
    }
  }
}
--------------------------------------------------
{
  "timestamp": "2026-05-21 15:16:26",
  "level": "ERROR",
  "message": "Database query failed",
  "data": {
    "error": {
      "message": "Invalid column name 'Result_2'.",
      "stack": "RequestError: Invalid column name 'Result_2'.\n    at handleError (C:\\Users\\auto\\Desktop\\All_Project\\SOC\\SOC-BACK\\node_modules\\mssql\\lib\\tedious\\request.js:388:15)\n    at Connection.emit (node:events:524:28)\n    at Connection.emit (C:\\Users\\auto\\Desktop\\All_Project\\SOC\\SOC-BACK\\node_modules\\tedious\\lib\\connection.js:1071:18)\n    at Parser.<anonymous> (C:\\Users\\auto\\Desktop\\All_Project\\SOC\\SOC-BACK\\node_modules\\tedious\\lib\\connection.js:1176:12)\n    at Parser.emit (node:events:524:28)\n    at Readable.<anonymous> (C:\\Users\\auto\\Desktop\\All_Project\\SOC\\SOC-BACK\\node_modules\\tedious\\lib\\token\\token-stream-parser.js:27:14)\n    at Readable.emit (node:events:524:28)\n    at addChunk (node:internal/streams/readable:561:12)\n    at readableAddChunkPushObjectMode (node:internal/streams/readable:538:3)\n    at Readable.push (node:internal/streams/readable:393:5)",
      "name": "RequestError"
    },
    "context": {
      "query": "\n    SELECT \n      t.ID, t.ReqNo, t.ReqSection, t.ReqDate, t.ReqUser, t.SampDate, t.SampName,\n      t.PhysicalProperties, t.SamplePreparation, t.Scrap, t.LotNo, t.ItemNo,\n      t.ItemShort, t.ItemFull, t.MethodTest, t.Spectrum, t.Method, t.MethodLimit,\n      t.ReqStatus, t.ItemStatus, t.UserSend, t.SendDate, t.Receiver, t.ReceivedDate,\n      t.AnalysisBy, t.UserEditAnalysisDue, t.EditAnalysisDueDate,\n      t.UserReject, t.RejectDate, t.RemarkReject, t.UserListItem, t.ListItemDate,\n      t.Peak_High, t.Peak_Low, t.Peak_High_Low, t.Baseline_High, t.Baseline_Low,\n      t.Baseline_High_Low, t.Baseline_High_Lowx3, t.Result_Screening,\n      t.UserAnalysisScreening, t.AnalysisDateScreening, t.Result_Spot,\n      t.UserAnalysisSpot, t.AnalysisDateSpot, t.Picture, t.Result_1, t.Result_2,\n      t.ResultApprove, t.ItemApprover, t.ItemApproveDate, t.ReportApprover, t.ReportApproveDate,\n      t.EditLotNoDate, t.EditReceivedDate, t.EditSampDate,\n      t.UserEditLotNo, t.UserEditReceived, t.UserEditSamp,\n      sub.MaxAnalysisDue AS AnalysisDue\n    FROM [SOC].[dbo].[Request] t\n    INNER JOIN (\n      SELECT ReqNo, MAX(AnalysisDue) AS MaxAnalysisDue\n      FROM [SOC].[dbo].[Request]\n      WHERE ItemStatus IN ('FINISH ITEM', 'FINISH RECHECK', 'FINISH RECONFIRM', 'APPROVE ITEM')\n      GROUP BY ReqNo\n    ) sub ON t.ReqNo = sub.ReqNo\n    WHERE t.ItemStatus IN ('FINISH ITEM', 'FINISH RECHECK', 'FINISH RECONFIRM', 'APPROVE ITEM')\n    AND t.MethodTest = 'Screening'\n    ORDER BY sub.MaxAnalysisDue, t.ReqNo DESC;\n  "
    }
  }
}
--------------------------------------------------
{
  "timestamp": "2026-06-09 10:25:42",
  "level": "ERROR",
  "message": "Database query failed",
  "data": {
    "error": {
      "message": "Incorrect syntax near the keyword 'FROM'.",
      "stack": "RequestError: Incorrect syntax near the keyword 'FROM'.\n    at handleError (C:\\Users\\auto\\Desktop\\Quenching oil\\QO-BACK\\node_modules\\mssql\\lib\\tedious\\request.js:388:15)\n    at Connection.emit (node:events:524:28)\n    at Connection.emit (C:\\Users\\auto\\Desktop\\Quenching oil\\QO-BACK\\node_modules\\tedious\\lib\\connection.js:1071:18)\n    at Parser.<anonymous> (C:\\Users\\auto\\Desktop\\Quenching oil\\QO-BACK\\node_modules\\tedious\\lib\\connection.js:1176:12)\n    at Parser.emit (node:events:524:28)\n    at Readable.<anonymous> (C:\\Users\\auto\\Desktop\\Quenching oil\\QO-BACK\\node_modules\\tedious\\lib\\token\\token-stream-parser.js:27:14)\n    at Readable.emit (node:events:524:28)\n    at addChunk (node:internal/streams/readable:561:12)\n    at readableAddChunkPushObjectMode (node:internal/streams/readable:538:3)\n    at Readable.push (node:internal/streams/readable:393:5)",
      "name": "RequestError"
    },
    "context": {
      "query": "SELECT \n                CustShort,\n                MAX(Id) AS Id,\n                MAX(CustFull) AS CustFull,\n                MAX(FormatReport) AS FormatReport,\n\n            FROM [QO].[dbo].[MasterPattern]\n            GROUP BY CustShort\n            ORDER BY CustFull;\n            "
    }
  }
}
--------------------------------------------------
{
  "timestamp": "2026-06-09 10:27:00",
  "level": "ERROR",
  "message": "Database query failed",
  "data": {
    "error": {
      "message": "Incorrect syntax near the keyword 'FROM'.",
      "stack": "RequestError: Incorrect syntax near the keyword 'FROM'.\n    at handleError (C:\\Users\\auto\\Desktop\\Quenching oil\\QO-BACK\\node_modules\\mssql\\lib\\tedious\\request.js:388:15)\n    at Connection.emit (node:events:524:28)\n    at Connection.emit (C:\\Users\\auto\\Desktop\\Quenching oil\\QO-BACK\\node_modules\\tedious\\lib\\connection.js:1071:18)\n    at Parser.<anonymous> (C:\\Users\\auto\\Desktop\\Quenching oil\\QO-BACK\\node_modules\\tedious\\lib\\connection.js:1176:12)\n    at Parser.emit (node:events:524:28)\n    at Readable.<anonymous> (C:\\Users\\auto\\Desktop\\Quenching oil\\QO-BACK\\node_modules\\tedious\\lib\\token\\token-stream-parser.js:27:14)\n    at Readable.emit (node:events:524:28)\n    at addChunk (node:internal/streams/readable:561:12)\n    at readableAddChunkPushObjectMode (node:internal/streams/readable:538:3)\n    at Readable.push (node:internal/streams/readable:393:5)",
      "name": "RequestError"
    },
    "context": {
      "query": "SELECT \n                CustShort,\n                MAX(Id) AS Id,\n                MAX(CustFull) AS CustFull,\n                MAX(FormatReport) AS FormatReport,\n\n            FROM [QO].[dbo].[MasterPattern]\n            GROUP BY CustShort\n            ORDER BY CustFull;\n            "
    }
  }
}
--------------------------------------------------
{
  "timestamp": "2026-06-09 12:32:39",
  "level": "ERROR",
  "message": "Database query failed",
  "data": {
    "error": {
      "message": "Invalid column name 'ReportOrder'.",
      "stack": "RequestError: Invalid column name 'ReportOrder'.\n    at handleError (C:\\Users\\auto\\Desktop\\Quenching oil\\QO-BACK\\node_modules\\mssql\\lib\\tedious\\request.js:388:15)\n    at Connection.emit (node:events:524:28)\n    at Connection.emit (C:\\Users\\auto\\Desktop\\Quenching oil\\QO-BACK\\node_modules\\tedious\\lib\\connection.js:1071:18)\n    at Parser.<anonymous> (C:\\Users\\auto\\Desktop\\Quenching oil\\QO-BACK\\node_modules\\tedious\\lib\\connection.js:1176:12)\n    at Parser.emit (node:events:524:28)\n    at Readable.<anonymous> (C:\\Users\\auto\\Desktop\\Quenching oil\\QO-BACK\\node_modules\\tedious\\lib\\token\\token-stream-parser.js:27:14)\n    at Readable.emit (node:events:524:28)\n    at addChunk (node:internal/streams/readable:561:12)\n    at readableAddChunkPushObjectMode (node:internal/streams/readable:538:3)\n    at Readable.push (node:internal/streams/readable:393:5)",
      "name": "RequestError"
    },
    "context": {
      "query": "SELECT * FROM [QO].[dbo].[MasterPattern] WHERE CustShort = 'Test#1' ORDER BY ReportOrder;"
    }
  }
}
--------------------------------------------------
{
  "timestamp": "2026-06-10 14:55:22",
  "level": "ERROR",
  "message": "Database query failed",
  "data": {
    "error": {
      "message": "Invalid column name 'ReqStatus'.",
      "stack": "RequestError: Invalid column name 'ReqStatus'.\n    at handleError (C:\\Users\\auto\\Desktop\\QO\\QO-BACK\\node_modules\\mssql\\lib\\tedious\\request.js:388:15)\n    at Connection.emit (node:events:524:28)\n    at Connection.emit (C:\\Users\\auto\\Desktop\\QO\\QO-BACK\\node_modules\\tedious\\lib\\connection.js:1071:18)\n    at Parser.<anonymous> (C:\\Users\\auto\\Desktop\\QO\\QO-BACK\\node_modules\\tedious\\lib\\connection.js:1176:12)\n    at Parser.emit (node:events:524:28)\n    at Readable.<anonymous> (C:\\Users\\auto\\Desktop\\QO\\QO-BACK\\node_modules\\tedious\\lib\\token\\token-stream-parser.js:27:14)\n    at Readable.emit (node:events:524:28)\n    at addChunk (node:internal/streams/readable:561:12)\n    at readableAddChunkPushObjectMode (node:internal/streams/readable:538:3)\n    at Readable.push (node:internal/streams/readable:393:5)",
      "name": "RequestError"
    },
    "context": {
      "query": "\n      INSERT INTO [QO].[dbo].[Request] (\n        [ReqNo],\n[SampleCode],\n[ReqSection],\n[ReqDate],\n[ReqUser],\n[Id],\n[CustFull],\n[CustShort],\n[SampleNo],\n[SampleName],\n[Furnance],\n[Instrument],\n[ItemNo],\n[ItemName],\n[ReportName],\n[NewOil],\n[Min],\n[Max],\n[Remark],\n[FormatReport],\n[SamplingDate],\n[ReqStatus],\n[ItemStatus]\n      )\n      VALUES (\n      N'QUE-26-0001',\nN'QUE-26-0001-01',\nN'AUTO',\nN'2026-06-10T14:55:22.319Z',\nN'Sirawit',\n821,\nN'AIR WATER (THAILAND) CO., LTD.',\nN'AIR WATER',\nN'1',\nN'HI-TEMP OIL X',\nN'-',\nN'Flash Point ',\nN'1',\nN'Flash Point  ',\nN'Flash Point (°C)',\nN'-',\nN'-',\nN'-',\nNULL,\nN'1',\nN'2026-06-10',\nN'WAIT SAMPLE',\nN'WAIT SAMPLE'\n      )\n      \n"
    }
  }
}
--------------------------------------------------
{
  "timestamp": "2026-06-10 14:56:57",
  "level": "ERROR",
  "message": "Database query failed",
  "data": {
    "error": {
      "message": "Invalid column name 'SamplingDate'.",
      "stack": "RequestError: Invalid column name 'SamplingDate'.\n    at handleError (C:\\Users\\auto\\Desktop\\QO\\QO-BACK\\node_modules\\mssql\\lib\\tedious\\request.js:388:15)\n    at Connection.emit (node:events:524:28)\n    at Connection.emit (C:\\Users\\auto\\Desktop\\QO\\QO-BACK\\node_modules\\tedious\\lib\\connection.js:1071:18)\n    at Parser.<anonymous> (C:\\Users\\auto\\Desktop\\QO\\QO-BACK\\node_modules\\tedious\\lib\\connection.js:1176:12)\n    at Parser.emit (node:events:524:28)\n    at Readable.<anonymous> (C:\\Users\\auto\\Desktop\\QO\\QO-BACK\\node_modules\\tedious\\lib\\token\\token-stream-parser.js:27:14)\n    at Readable.emit (node:events:524:28)\n    at addChunk (node:internal/streams/readable:561:12)\n    at readableAddChunkPushObjectMode (node:internal/streams/readable:538:3)\n    at Readable.push (node:internal/streams/readable:393:5)",
      "name": "RequestError"
    },
    "context": {
      "query": "\n      INSERT INTO [QO].[dbo].[Request] (\n        [ReqNo],\n[SampleCode],\n[ReqSection],\n[ReqDate],\n[ReqUser],\n[CustFull],\n[CustShort],\n[SampleNo],\n[SampleName],\n[Furnance],\n[Instrument],\n[ItemNo],\n[ItemName],\n[ReportName],\n[NewOil],\n[Min],\n[Max],\n[Remark],\n[FormatReport],\n[SamplingDate],\n[RequestStatus],\n[SampleStatus],\n[ItemStatus]\n      )\n      VALUES (\n      N'QUE-26-0001',\nN'QUE-26-0001-01',\nN'AUTO',\nN'2026-06-10T14:56:57.094Z',\nN'Sirawit',\nN'AIR WATER (THAILAND) CO., LTD.',\nN'AIR WATER',\nN'1',\nN'HI-TEMP OIL X',\nN'-',\nN'Flash Point ',\nN'1',\nN'Flash Point  ',\nN'Flash Point (°C)',\nN'-',\nN'-',\nN'-',\nNULL,\nN'1',\nN'2026-06-10',\nN'WAIT SAMPLE',\nN'WAIT SAMPLE',\nN'WAIT SAMPLE'\n      )\n      \n"
    }
  }
}
--------------------------------------------------
{
  "timestamp": "2026-06-11 15:41:30",
  "level": "ERROR",
  "message": "Database query failed",
  "data": {
    "error": {
      "message": "Transaction count after EXECUTE indicates a mismatching number of BEGIN and COMMIT statements. Previous count = 0, current count = 1.",
      "stack": "RequestError: Transaction count after EXECUTE indicates a mismatching number of BEGIN and COMMIT statements. Previous count = 0, current count = 1.\n    at handleError (C:\\Users\\auto\\Desktop\\QO\\QO-BACK\\node_modules\\mssql\\lib\\tedious\\request.js:388:15)\n    at Connection.emit (node:events:524:28)\n    at Connection.emit (C:\\Users\\auto\\Desktop\\QO\\QO-BACK\\node_modules\\tedious\\lib\\connection.js:1071:18)\n    at Parser.<anonymous> (C:\\Users\\auto\\Desktop\\QO\\QO-BACK\\node_modules\\tedious\\lib\\connection.js:1176:12)\n    at Parser.emit (node:events:524:28)\n    at Readable.<anonymous> (C:\\Users\\auto\\Desktop\\QO\\QO-BACK\\node_modules\\tedious\\lib\\token\\token-stream-parser.js:27:14)\n    at Readable.emit (node:events:524:28)\n    at addChunk (node:internal/streams/readable:561:12)\n    at readableAddChunkPushObjectMode (node:internal/streams/readable:538:3)\n    at Readable.push (node:internal/streams/readable:393:5)",
      "name": "RequestError"
    },
    "context": {
      "query": "\n      BEGIN TRANSACTION;\n      BEGIN TRY\n        \n        UPDATE [QO].[dbo].[Request]\n        SET [ItemStatus] = N'LIST ITEM',\n[RequestStatus] = N'WAIT ANALYSIS',\n[SampleStatus] = N'WAIT ANALYSIS',\n[UserListItem] = N'Sirawit',\n[ListItemDate] = N'2026-06-11T15:41:30.767Z'\n        WHERE Id = N'148';\n        IF @@ROWCOUNT = 0\n          RAISERROR('Update failed for Id: 148', 16, 1);\n\n        INSERT INTO [QO].[dbo].[Instrument_Acid Number (Auto-titration)]\n        (\n          [Id],\n[ReqNo],\n[SampleCode],\n[ItemStatus],\n[CustFull],\n[CustShort],\n[SampleNo],\n[SampleName],\n[Furnance],\n[Instrument],\n[ItemNo],\n[ItemName],\n[ReportName],\n[AnalysisDue],\n[UserListItem],\n[ListItemDate],\n[Picture],\n[ResultApprove],\n[ItemApprover],\n[ItemApproveDate]\n        )\n        SELECT\n          [Id],\n[ReqNo],\n[SampleCode],\n[ItemStatus],\n[CustFull],\n[CustShort],\n[SampleNo],\n[SampleName],\n[Furnance],\n[Instrument],\n[ItemNo],\n[ItemName],\n[ReportName],\n[AnalysisDue],\n[UserListItem],\n[ListItemDate],\n[Picture],\n[ResultApprove],\n[ItemApprover],\n[ItemApproveDate]\n        FROM [QO].[dbo].[Request]\n        WHERE Id = N'148';\n        IF @@ROWCOUNT = 0\n          RAISERROR('Instrument insert failed for Id: 148', 16, 1);\n      \n        UPDATE [QO].[dbo].[Request]\n        SET [ItemStatus] = N'LIST ITEM',\n[RequestStatus] = N'WAIT ANALYSIS',\n[SampleStatus] = N'WAIT ANALYSIS',\n[UserListItem] = N'Sirawit',\n[ListItemDate] = N'2026-06-11T15:41:30.767Z'\n        WHERE Id = N'149';\n        IF @@ROWCOUNT = 0\n          RAISERROR('Update failed for Id: 149', 16, 1);\n\n        INSERT INTO [QO].[dbo].[Instrument_Micro Carbon Residue Tester]\n        (\n          [Id],\n[ReqNo],\n[SampleCode],\n[ItemStatus],\n[CustFull],\n[CustShort],\n[SampleNo],\n[SampleName],\n[Furnance],\n[Instrument],\n[ItemNo],\n[ItemName],\n[ReportName],\n[AnalysisDue],\n[UserListItem],\n[ListItemDate],\n[Picture],\n[ResultApprove],\n[ItemApprover],\n[ItemApproveDate]\n        )\n        SELECT\n          [Id],\n[ReqNo],\n[SampleCode],\n[ItemStatus],\n[CustFull],\n[CustShort],\n[SampleNo],\n[SampleName],\n[Furnance],\n[Instrument],\n[ItemNo],\n[ItemName],\n[ReportName],\n[AnalysisDue],\n[UserListItem],\n[ListItemDate],\n[Picture],\n[ResultApprove],\n[ItemApprover],\n[ItemApproveDate]\n        FROM [QO].[dbo].[Request]\n        WHERE Id = N'149';\n        IF @@ROWCOUNT = 0\n          RAISERROR('Instrument insert failed for Id: 149', 16, 1);\n      \n        COMMIT TRANSACTION;\n      END TRY\n      BEGIN CATCH\n        ROLLBACK TRANSACTION;\n        THROW;\n      END CATCH\n    "
    }
  }
}
--------------------------------------------------
{
  "timestamp": "2026-06-11 15:49:46",
  "level": "ERROR",
  "message": "Database query failed",
  "data": {
    "error": {
      "message": "Transaction count after EXECUTE indicates a mismatching number of BEGIN and COMMIT statements. Previous count = 0, current count = 1.",
      "stack": "RequestError: Transaction count after EXECUTE indicates a mismatching number of BEGIN and COMMIT statements. Previous count = 0, current count = 1.\n    at handleError (C:\\Users\\auto\\Desktop\\QO\\QO-BACK\\node_modules\\mssql\\lib\\tedious\\request.js:388:15)\n    at Connection.emit (node:events:524:28)\n    at Connection.emit (C:\\Users\\auto\\Desktop\\QO\\QO-BACK\\node_modules\\tedious\\lib\\connection.js:1071:18)\n    at Parser.<anonymous> (C:\\Users\\auto\\Desktop\\QO\\QO-BACK\\node_modules\\tedious\\lib\\connection.js:1176:12)\n    at Parser.emit (node:events:524:28)\n    at Readable.<anonymous> (C:\\Users\\auto\\Desktop\\QO\\QO-BACK\\node_modules\\tedious\\lib\\token\\token-stream-parser.js:27:14)\n    at Readable.emit (node:events:524:28)\n    at addChunk (node:internal/streams/readable:561:12)\n    at readableAddChunkPushObjectMode (node:internal/streams/readable:538:3)\n    at Readable.push (node:internal/streams/readable:393:5)",
      "name": "RequestError"
    },
    "context": {
      "query": "\n      BEGIN TRANSACTION;\n      BEGIN TRY\n        \n        UPDATE [QO].[dbo].[Request]\n        SET [ItemStatus] = N'LIST ITEM',\n[RequestStatus] = N'WAIT ANALYSIS',\n[SampleStatus] = N'WAIT ANALYSIS',\n[UserListItem] = N'Sirawit',\n[ListItemDate] = N'2026-06-11T15:49:46.297Z'\n        WHERE Id = N'148';\n        IF @@ROWCOUNT = 0\n          RAISERROR('Update failed for Id: 148', 16, 1);\n\n        INSERT INTO [QO].[dbo].[Instrument_Acid Number (Auto-titration)]\n        (\n          [Id],\n[ReqNo],\n[SampleCode],\n[ItemStatus],\n[CustFull],\n[CustShort],\n[SampleNo],\n[SampleName],\n[Furnance],\n[Instrument],\n[ItemNo],\n[ItemName],\n[ReportName],\n[AnalysisDue],\n[UserListItem],\n[ListItemDate],\n[Picture],\n[ResultApprove],\n[ItemApprover],\n[ItemApproveDate]\n        )\n        SELECT\n          [Id],\n[ReqNo],\n[SampleCode],\n[ItemStatus],\n[CustFull],\n[CustShort],\n[SampleNo],\n[SampleName],\n[Furnance],\n[Instrument],\n[ItemNo],\n[ItemName],\n[ReportName],\n[AnalysisDue],\n[UserListItem],\n[ListItemDate],\n[Picture],\n[ResultApprove],\n[ItemApprover],\n[ItemApproveDate]\n        FROM [QO].[dbo].[Request]\n        WHERE Id = N'148';\n        IF @@ROWCOUNT = 0\n          RAISERROR('Instrument insert failed for Id: 148', 16, 1);\n      \n        UPDATE [QO].[dbo].[Request]\n        SET [ItemStatus] = N'LIST ITEM',\n[RequestStatus] = N'WAIT ANALYSIS',\n[SampleStatus] = N'WAIT ANALYSIS',\n[UserListItem] = N'Sirawit',\n[ListItemDate] = N'2026-06-11T15:49:46.297Z'\n        WHERE Id = N'149';\n        IF @@ROWCOUNT = 0\n          RAISERROR('Update failed for Id: 149', 16, 1);\n\n        INSERT INTO [QO].[dbo].[Instrument_Micro Carbon Residue Tester]\n        (\n          [Id],\n[ReqNo],\n[SampleCode],\n[ItemStatus],\n[CustFull],\n[CustShort],\n[SampleNo],\n[SampleName],\n[Furnance],\n[Instrument],\n[ItemNo],\n[ItemName],\n[ReportName],\n[AnalysisDue],\n[UserListItem],\n[ListItemDate],\n[Picture],\n[ResultApprove],\n[ItemApprover],\n[ItemApproveDate]\n        )\n        SELECT\n          [Id],\n[ReqNo],\n[SampleCode],\n[ItemStatus],\n[CustFull],\n[CustShort],\n[SampleNo],\n[SampleName],\n[Furnance],\n[Instrument],\n[ItemNo],\n[ItemName],\n[ReportName],\n[AnalysisDue],\n[UserListItem],\n[ListItemDate],\n[Picture],\n[ResultApprove],\n[ItemApprover],\n[ItemApproveDate]\n        FROM [QO].[dbo].[Request]\n        WHERE Id = N'149';\n        IF @@ROWCOUNT = 0\n          RAISERROR('Instrument insert failed for Id: 149', 16, 1);\n      \n        COMMIT TRANSACTION;\n      END TRY\n      BEGIN CATCH\n        ROLLBACK TRANSACTION;\n        THROW;\n      END CATCH\n    "
    }
  }
}
--------------------------------------------------
{
  "timestamp": "2026-06-11 15:51:45",
  "level": "ERROR",
  "message": "Database query failed",
  "data": {
    "error": {
      "message": "Transaction count after EXECUTE indicates a mismatching number of BEGIN and COMMIT statements. Previous count = 0, current count = 1.",
      "stack": "RequestError: Transaction count after EXECUTE indicates a mismatching number of BEGIN and COMMIT statements. Previous count = 0, current count = 1.\n    at handleError (C:\\Users\\auto\\Desktop\\QO\\QO-BACK\\node_modules\\mssql\\lib\\tedious\\request.js:388:15)\n    at Connection.emit (node:events:524:28)\n    at Connection.emit (C:\\Users\\auto\\Desktop\\QO\\QO-BACK\\node_modules\\tedious\\lib\\connection.js:1071:18)\n    at Parser.<anonymous> (C:\\Users\\auto\\Desktop\\QO\\QO-BACK\\node_modules\\tedious\\lib\\connection.js:1176:12)\n    at Parser.emit (node:events:524:28)\n    at Readable.<anonymous> (C:\\Users\\auto\\Desktop\\QO\\QO-BACK\\node_modules\\tedious\\lib\\token\\token-stream-parser.js:27:14)\n    at Readable.emit (node:events:524:28)\n    at addChunk (node:internal/streams/readable:561:12)\n    at readableAddChunkPushObjectMode (node:internal/streams/readable:538:3)\n    at Readable.push (node:internal/streams/readable:393:5)",
      "name": "RequestError"
    },
    "context": {
      "query": "\n      BEGIN TRANSACTION;\n      BEGIN TRY\n        \n        UPDATE [QO].[dbo].[Request]\n        SET [ItemStatus] = N'LIST ITEM',\n[RequestStatus] = N'WAIT ANALYSIS',\n[SampleStatus] = N'WAIT ANALYSIS',\n[UserListItem] = N'Sirawit',\n[ListItemDate] = N'2026-06-11T15:51:45.660Z'\n        WHERE Id = N'148';\n        IF @@ROWCOUNT = 0\n          RAISERROR('Update failed for Id: 148', 16, 1);\n\n        INSERT INTO [QO].[dbo].[Instrument_Acid Number (Auto-titration)]\n        (\n          [Id],\n[ReqNo],\n[SampleCode],\n[ItemStatus],\n[CustFull],\n[CustShort],\n[SampleNo],\n[SampleName],\n[Furnance],\n[Instrument],\n[ItemNo],\n[ItemName],\n[ReportName],\n[AnalysisDue],\n[UserListItem],\n[ListItemDate],\n[Picture],\n[ResultApprove],\n[ItemApprover],\n[ItemApproveDate]\n        )\n        SELECT\n          [Id],\n[ReqNo],\n[SampleCode],\n[ItemStatus],\n[CustFull],\n[CustShort],\n[SampleNo],\n[SampleName],\n[Furnance],\n[Instrument],\n[ItemNo],\n[ItemName],\n[ReportName],\n[AnalysisDue],\n[UserListItem],\n[ListItemDate],\n[Picture],\n[ResultApprove],\n[ItemApprover],\n[ItemApproveDate]\n        FROM [QO].[dbo].[Request]\n        WHERE Id = N'148';\n        IF @@ROWCOUNT = 0\n          RAISERROR('Instrument insert failed for Id: 148', 16, 1);\n      \n        COMMIT TRANSACTION;\n      END TRY\n      BEGIN CATCH\n        ROLLBACK TRANSACTION;\n        THROW;\n      END CATCH\n    "
    }
  }
}
--------------------------------------------------
{
  "timestamp": "2026-06-11 16:07:06",
  "level": "ERROR",
  "message": "Database query failed",
  "data": {
    "error": {
      "message": "Transaction count after EXECUTE indicates a mismatching number of BEGIN and COMMIT statements. Previous count = 0, current count = 1.",
      "stack": "RequestError: Transaction count after EXECUTE indicates a mismatching number of BEGIN and COMMIT statements. Previous count = 0, current count = 1.\n    at handleError (C:\\Users\\auto\\Desktop\\QO\\QO-BACK\\node_modules\\mssql\\lib\\tedious\\request.js:388:15)\n    at Connection.emit (node:events:524:28)\n    at Connection.emit (C:\\Users\\auto\\Desktop\\QO\\QO-BACK\\node_modules\\tedious\\lib\\connection.js:1071:18)\n    at Parser.<anonymous> (C:\\Users\\auto\\Desktop\\QO\\QO-BACK\\node_modules\\tedious\\lib\\connection.js:1176:12)\n    at Parser.emit (node:events:524:28)\n    at Readable.<anonymous> (C:\\Users\\auto\\Desktop\\QO\\QO-BACK\\node_modules\\tedious\\lib\\token\\token-stream-parser.js:27:14)\n    at Readable.emit (node:events:524:28)\n    at addChunk (node:internal/streams/readable:561:12)\n    at readableAddChunkPushObjectMode (node:internal/streams/readable:538:3)\n    at Readable.push (node:internal/streams/readable:393:5)",
      "name": "RequestError"
    },
    "context": {
      "query": "\n      BEGIN TRANSACTION;\n      BEGIN TRY\n        \n        UPDATE [QO].[dbo].[Request]\n        SET [ItemStatus] = N'LIST ITEM',\n[RequestStatus] = N'WAIT ANALYSIS',\n[SampleStatus] = N'WAIT ANALYSIS',\n[UserListItem] = N'Sirawit',\n[ListItemDate] = N'2026-06-11T16:07:06.435Z'\n        WHERE Id = N'148';\n        IF @@ROWCOUNT = 0\n          RAISERROR('Update failed for Id: 148', 16, 1);\n\n        INSERT INTO [QO].[dbo].[Instrument_Acid Number (Auto-titration)]\n        (\n          [Id],\n[ReqNo],\n[SampleCode],\n[ItemStatus],\n[CustFull],\n[CustShort],\n[SampleNo],\n[SampleName],\n[Furnance],\n[Instrument],\n[ItemNo],\n[ItemName],\n[ReportName],\n[AnalysisDue],\n[UserListItem],\n[ListItemDate],\n[Picture],\n[ResultApprove],\n[ItemApprover],\n[ItemApproveDate]\n        )\n        SELECT\n          [Id],\n[ReqNo],\n[SampleCode],\n[ItemStatus],\n[CustFull],\n[CustShort],\n[SampleNo],\n[SampleName],\n[Furnance],\n[Instrument],\n[ItemNo],\n[ItemName],\n[ReportName],\n[AnalysisDue],\n[UserListItem],\n[ListItemDate],\n[Picture],\n[ResultApprove],\n[ItemApprover],\n[ItemApproveDate]\n        FROM [QO].[dbo].[Request]\n        WHERE Id = N'148';\n        IF @@ROWCOUNT = 0\n          RAISERROR('Instrument insert failed for Id: 148', 16, 1);\n      \n        UPDATE [QO].[dbo].[Request]\n        SET [ItemStatus] = N'LIST ITEM',\n[RequestStatus] = N'WAIT ANALYSIS',\n[SampleStatus] = N'WAIT ANALYSIS',\n[UserListItem] = N'Sirawit',\n[ListItemDate] = N'2026-06-11T16:07:06.435Z'\n        WHERE Id = N'152';\n        IF @@ROWCOUNT = 0\n          RAISERROR('Update failed for Id: 152', 16, 1);\n\n        INSERT INTO [QO].[dbo].[Instrument_Kinematic viscosity]\n        (\n          [Id],\n[ReqNo],\n[SampleCode],\n[ItemStatus],\n[CustFull],\n[CustShort],\n[SampleNo],\n[SampleName],\n[Furnance],\n[Instrument],\n[ItemNo],\n[ItemName],\n[ReportName],\n[AnalysisDue],\n[UserListItem],\n[ListItemDate],\n[Picture],\n[ResultApprove],\n[ItemApprover],\n[ItemApproveDate]\n        )\n        SELECT\n          [Id],\n[ReqNo],\n[SampleCode],\n[ItemStatus],\n[CustFull],\n[CustShort],\n[SampleNo],\n[SampleName],\n[Furnance],\n[Instrument],\n[ItemNo],\n[ItemName],\n[ReportName],\n[AnalysisDue],\n[UserListItem],\n[ListItemDate],\n[Picture],\n[ResultApprove],\n[ItemApprover],\n[ItemApproveDate]\n        FROM [QO].[dbo].[Request]\n        WHERE Id = N'152';\n        IF @@ROWCOUNT = 0\n          RAISERROR('Instrument insert failed for Id: 152', 16, 1);\n      \n        UPDATE [QO].[dbo].[Request]\n        SET [ItemStatus] = N'LIST ITEM',\n[RequestStatus] = N'WAIT ANALYSIS',\n[SampleStatus] = N'WAIT ANALYSIS',\n[UserListItem] = N'Sirawit',\n[ListItemDate] = N'2026-06-11T16:07:06.435Z'\n        WHERE Id = N'153';\n        IF @@ROWCOUNT = 0\n          RAISERROR('Update failed for Id: 153', 16, 1);\n\n        INSERT INTO [QO].[dbo].[Instrument_Cooling curve measurement]\n        (\n          [Id],\n[ReqNo],\n[SampleCode],\n[ItemStatus],\n[CustFull],\n[CustShort],\n[SampleNo],\n[SampleName],\n[Furnance],\n[Instrument],\n[ItemNo],\n[ItemName],\n[ReportName],\n[AnalysisDue],\n[UserListItem],\n[ListItemDate],\n[Picture],\n[ResultApprove],\n[ItemApprover],\n[ItemApproveDate]\n        )\n        SELECT\n          [Id],\n[ReqNo],\n[SampleCode],\n[ItemStatus],\n[CustFull],\n[CustShort],\n[SampleNo],\n[SampleName],\n[Furnance],\n[Instrument],\n[ItemNo],\n[ItemName],\n[ReportName],\n[AnalysisDue],\n[UserListItem],\n[ListItemDate],\n[Picture],\n[ResultApprove],\n[ItemApprover],\n[ItemApproveDate]\n        FROM [QO].[dbo].[Request]\n        WHERE Id = N'153';\n        IF @@ROWCOUNT = 0\n          RAISERROR('Instrument insert failed for Id: 153', 16, 1);\n      \n        UPDATE [QO].[dbo].[Request]\n        SET [ItemStatus] = N'LIST ITEM',\n[RequestStatus] = N'WAIT ANALYSIS',\n[SampleStatus] = N'WAIT ANALYSIS',\n[UserListItem] = N'Sirawit',\n[ListItemDate] = N'2026-06-11T16:07:06.435Z'\n        WHERE Id = N'154';\n        IF @@ROWCOUNT = 0\n          RAISERROR('Update failed for Id: 154', 16, 1);\n\n        INSERT INTO [QO].[dbo].[Instrument_Cooling curve measurement]\n        (\n          [Id],\n[ReqNo],\n[SampleCode],\n[ItemStatus],\n[CustFull],\n[CustShort],\n[SampleNo],\n[SampleName],\n[Furnance],\n[Instrument],\n[ItemNo],\n[ItemName],\n[ReportName],\n[AnalysisDue],\n[UserListItem],\n[ListItemDate],\n[Picture],\n[ResultApprove],\n[ItemApprover],\n[ItemApproveDate]\n        )\n        SELECT\n          [Id],\n[ReqNo],\n[SampleCode],\n[ItemStatus],\n[CustFull],\n[CustShort],\n[SampleNo],\n[SampleName],\n[Furnance],\n[Instrument],\n[ItemNo],\n[ItemName],\n[ReportName],\n[AnalysisDue],\n[UserListItem],\n[ListItemDate],\n[Picture],\n[ResultApprove],\n[ItemApprover],\n[ItemApproveDate]\n        FROM [QO].[dbo].[Request]\n        WHERE Id = N'154';\n        IF @@ROWCOUNT = 0\n          RAISERROR('Instrument insert failed for Id: 154', 16, 1);\n      \n        UPDATE [QO].[dbo].[Request]\n        SET [ItemStatus] = N'LIST ITEM',\n[RequestStatus] = N'WAIT ANALYSIS',\n[SampleStatus] = N'WAIT ANALYSIS',\n[UserListItem] = N'Sirawit',\n[ListItemDate] = N'2026-06-11T16:07:06.435Z'\n        WHERE Id = N'155';\n        IF @@ROWCOUNT = 0\n          RAISERROR('Update failed for Id: 155', 16, 1);\n\n        INSERT INTO [QO].[dbo].[Instrument_Cooling curve measurement]\n        (\n          [Id],\n[ReqNo],\n[SampleCode],\n[ItemStatus],\n[CustFull],\n[CustShort],\n[SampleNo],\n[SampleName],\n[Furnance],\n[Instrument],\n[ItemNo],\n[ItemName],\n[ReportName],\n[AnalysisDue],\n[UserListItem],\n[ListItemDate],\n[Picture],\n[ResultApprove],\n[ItemApprover],\n[ItemApproveDate]\n        )\n        SELECT\n          [Id],\n[ReqNo],\n[SampleCode],\n[ItemStatus],\n[CustFull],\n[CustShort],\n[SampleNo],\n[SampleName],\n[Furnance],\n[Instrument],\n[ItemNo],\n[ItemName],\n[ReportName],\n[AnalysisDue],\n[UserListItem],\n[ListItemDate],\n[Picture],\n[ResultApprove],\n[ItemApprover],\n[ItemApproveDate]\n        FROM [QO].[dbo].[Request]\n        WHERE Id = N'155';\n        IF @@ROWCOUNT = 0\n          RAISERROR('Instrument insert failed for Id: 155', 16, 1);\n      \n        UPDATE [QO].[dbo].[Request]\n        SET [ItemStatus] = N'LIST ITEM',\n[RequestStatus] = N'WAIT ANALYSIS',\n[SampleStatus] = N'WAIT ANALYSIS',\n[UserListItem] = N'Sirawit',\n[ListItemDate] = N'2026-06-11T16:07:06.435Z'\n        WHERE Id = N'156';\n        IF @@ROWCOUNT = 0\n          RAISERROR('Update failed for Id: 156', 16, 1);\n\n        INSERT INTO [QO].[dbo].[Instrument_Cooling curve measurement]\n        (\n          [Id],\n[ReqNo],\n[SampleCode],\n[ItemStatus],\n[CustFull],\n[CustShort],\n[SampleNo],\n[SampleName],\n[Furnance],\n[Instrument],\n[ItemNo],\n[ItemName],\n[ReportName],\n[AnalysisDue],\n[UserListItem],\n[ListItemDate],\n[Picture],\n[ResultApprove],\n[ItemApprover],\n[ItemApproveDate]\n        )\n        SELECT\n          [Id],\n[ReqNo],\n[SampleCode],\n[ItemStatus],\n[CustFull],\n[CustShort],\n[SampleNo],\n[SampleName],\n[Furnance],\n[Instrument],\n[ItemNo],\n[ItemName],\n[ReportName],\n[AnalysisDue],\n[UserListItem],\n[ListItemDate],\n[Picture],\n[ResultApprove],\n[ItemApprover],\n[ItemApproveDate]\n        FROM [QO].[dbo].[Request]\n        WHERE Id = N'156';\n        IF @@ROWCOUNT = 0\n          RAISERROR('Instrument insert failed for Id: 156', 16, 1);\n      \n        UPDATE [QO].[dbo].[Request]\n        SET [ItemStatus] = N'LIST ITEM',\n[RequestStatus] = N'WAIT ANALYSIS',\n[SampleStatus] = N'WAIT ANALYSIS',\n[UserListItem] = N'Sirawit',\n[ListItemDate] = N'2026-06-11T16:07:06.435Z'\n        WHERE Id = N'157';\n        IF @@ROWCOUNT = 0\n          RAISERROR('Update failed for Id: 157', 16, 1);\n\n        INSERT INTO [QO].[dbo].[Instrument_Insoluble pentane]\n        (\n          [Id],\n[ReqNo],\n[SampleCode],\n[ItemStatus],\n[CustFull],\n[CustShort],\n[SampleNo],\n[SampleName],\n[Furnance],\n[Instrument],\n[ItemNo],\n[ItemName],\n[ReportName],\n[AnalysisDue],\n[UserListItem],\n[ListItemDate],\n[Picture],\n[ResultApprove],\n[ItemApprover],\n[ItemApproveDate]\n        )\n        SELECT\n          [Id],\n[ReqNo],\n[SampleCode],\n[ItemStatus],\n[CustFull],\n[CustShort],\n[SampleNo],\n[SampleName],\n[Furnance],\n[Instrument],\n[ItemNo],\n[ItemName],\n[ReportName],\n[AnalysisDue],\n[UserListItem],\n[ListItemDate],\n[Picture],\n[ResultApprove],\n[ItemApprover],\n[ItemApproveDate]\n        FROM [QO].[dbo].[Request]\n        WHERE Id = N'157';\n        IF @@ROWCOUNT = 0\n          RAISERROR('Instrument insert failed for Id: 157', 16, 1);\n      \n        UPDATE [QO].[dbo].[Request]\n        SET [ItemStatus] = N'LIST ITEM',\n[RequestStatus] = N'WAIT ANALYSIS',\n[SampleStatus] = N'WAIT ANALYSIS',\n[UserListItem] = N'Sirawit',\n[ListItemDate] = N'2026-06-11T16:07:06.435Z'\n        WHERE Id = N'151';\n        IF @@ROWCOUNT = 0\n          RAISERROR('Update failed for Id: 151', 16, 1);\n\n        INSERT INTO [QO].[dbo].[Instrument_Water content (Distillation)]\n        (\n          [Id],\n[ReqNo],\n[SampleCode],\n[ItemStatus],\n[CustFull],\n[CustShort],\n[SampleNo],\n[SampleName],\n[Furnance],\n[Instrument],\n[ItemNo],\n[ItemName],\n[ReportName],\n[AnalysisDue],\n[UserListItem],\n[ListItemDate],\n[Picture],\n[ResultApprove],\n[ItemApprover],\n[ItemApproveDate]\n        )\n        SELECT\n          [Id],\n[ReqNo],\n[SampleCode],\n[ItemStatus],\n[CustFull],\n[CustShort],\n[SampleNo],\n[SampleName],\n[Furnance],\n[Instrument],\n[ItemNo],\n[ItemName],\n[ReportName],\n[AnalysisDue],\n[UserListItem],\n[ListItemDate],\n[Picture],\n[ResultApprove],\n[ItemApprover],\n[ItemApproveDate]\n        FROM [QO].[dbo].[Request]\n        WHERE Id = N'151';\n        IF @@ROWCOUNT = 0\n          RAISERROR('Instrument insert failed for Id: 151', 16, 1);\n      \n        COMMIT TRANSACTION;\n      END TRY\n      BEGIN CATCH\n        ROLLBACK TRANSACTION;\n        THROW;\n      END CATCH\n    "
    }
  }
}
--------------------------------------------------
{
  "timestamp": "2026-06-11 16:08:48",
  "level": "ERROR",
  "message": "Database query failed",
  "data": {
    "error": {
      "message": "Transaction count after EXECUTE indicates a mismatching number of BEGIN and COMMIT statements. Previous count = 0, current count = 1.",
      "stack": "RequestError: Transaction count after EXECUTE indicates a mismatching number of BEGIN and COMMIT statements. Previous count = 0, current count = 1.\n    at handleError (C:\\Users\\auto\\Desktop\\QO\\QO-BACK\\node_modules\\mssql\\lib\\tedious\\request.js:388:15)\n    at Connection.emit (node:events:524:28)\n    at Connection.emit (C:\\Users\\auto\\Desktop\\QO\\QO-BACK\\node_modules\\tedious\\lib\\connection.js:1071:18)\n    at Parser.<anonymous> (C:\\Users\\auto\\Desktop\\QO\\QO-BACK\\node_modules\\tedious\\lib\\connection.js:1176:12)\n    at Parser.emit (node:events:524:28)\n    at Readable.<anonymous> (C:\\Users\\auto\\Desktop\\QO\\QO-BACK\\node_modules\\tedious\\lib\\token\\token-stream-parser.js:27:14)\n    at Readable.emit (node:events:524:28)\n    at addChunk (node:internal/streams/readable:561:12)\n    at readableAddChunkPushObjectMode (node:internal/streams/readable:538:3)\n    at Readable.push (node:internal/streams/readable:393:5)",
      "name": "RequestError"
    },
    "context": {
      "query": "\n      BEGIN TRANSACTION;\n      BEGIN TRY\n        \n        UPDATE [QO].[dbo].[Request]\n        SET [ItemStatus] = N'LIST ITEM',\n[RequestStatus] = N'WAIT ANALYSIS',\n[SampleStatus] = N'WAIT ANALYSIS',\n[UserListItem] = N'Sirawit',\n[ListItemDate] = N'2026-06-11T16:08:48.116Z'\n        WHERE Id = N'148';\n        IF @@ROWCOUNT = 0\n          RAISERROR('Update failed for Id: 148', 16, 1);\n\n        INSERT INTO [QO].[dbo].[Instrument_Acid Number (Auto-titration)]\n        (\n          [Id],\n[ReqNo],\n[SampleCode],\n[ItemStatus],\n[CustFull],\n[CustShort],\n[SampleNo],\n[SampleName],\n[Furnance],\n[Instrument],\n[ItemNo],\n[ItemName],\n[ReportName],\n[AnalysisDue],\n[UserListItem],\n[ListItemDate],\n[Picture],\n[ResultApprove],\n[ItemApprover],\n[ItemApproveDate]\n        )\n        SELECT\n          [Id],\n[ReqNo],\n[SampleCode],\n[ItemStatus],\n[CustFull],\n[CustShort],\n[SampleNo],\n[SampleName],\n[Furnance],\n[Instrument],\n[ItemNo],\n[ItemName],\n[ReportName],\n[AnalysisDue],\n[UserListItem],\n[ListItemDate],\n[Picture],\n[ResultApprove],\n[ItemApprover],\n[ItemApproveDate]\n        FROM [QO].[dbo].[Request]\n        WHERE Id = N'148';\n        IF @@ROWCOUNT = 0\n          RAISERROR('Instrument insert failed for Id: 148', 16, 1);\n      \n        COMMIT TRANSACTION;\n      END TRY\n      BEGIN CATCH\n        ROLLBACK TRANSACTION;\n        THROW;\n      END CATCH\n    "
    }
  }
}
--------------------------------------------------
{
  "timestamp": "2026-06-11 16:08:55",
  "level": "ERROR",
  "message": "Database query failed",
  "data": {
    "error": {
      "message": "Transaction count after EXECUTE indicates a mismatching number of BEGIN and COMMIT statements. Previous count = 1, current count = 2.",
      "stack": "RequestError: Transaction count after EXECUTE indicates a mismatching number of BEGIN and COMMIT statements. Previous count = 1, current count = 2.\n    at handleError (C:\\Users\\auto\\Desktop\\QO\\QO-BACK\\node_modules\\mssql\\lib\\tedious\\request.js:388:15)\n    at Connection.emit (node:events:524:28)\n    at Connection.emit (C:\\Users\\auto\\Desktop\\QO\\QO-BACK\\node_modules\\tedious\\lib\\connection.js:1071:18)\n    at Parser.<anonymous> (C:\\Users\\auto\\Desktop\\QO\\QO-BACK\\node_modules\\tedious\\lib\\connection.js:1176:12)\n    at Parser.emit (node:events:524:28)\n    at Readable.<anonymous> (C:\\Users\\auto\\Desktop\\QO\\QO-BACK\\node_modules\\tedious\\lib\\token\\token-stream-parser.js:27:14)\n    at Readable.emit (node:events:524:28)\n    at addChunk (node:internal/streams/readable:561:12)\n    at readableAddChunkPushObjectMode (node:internal/streams/readable:538:3)\n    at Readable.push (node:internal/streams/readable:393:5)",
      "name": "RequestError"
    },
    "context": {
      "query": "\n      BEGIN TRANSACTION;\n      BEGIN TRY\n        \n        UPDATE [QO].[dbo].[Request]\n        SET [ItemStatus] = N'LIST ITEM',\n[RequestStatus] = N'WAIT ANALYSIS',\n[SampleStatus] = N'WAIT ANALYSIS',\n[UserListItem] = N'Sirawit',\n[ListItemDate] = N'2026-06-11T16:08:55.131Z'\n        WHERE Id = N'255';\n        IF @@ROWCOUNT = 0\n          RAISERROR('Update failed for Id: 255', 16, 1);\n\n        INSERT INTO [QO].[dbo].[Instrument_Acid Number (Auto-titration)]\n        (\n          [Id],\n[ReqNo],\n[SampleCode],\n[ItemStatus],\n[CustFull],\n[CustShort],\n[SampleNo],\n[SampleName],\n[Furnance],\n[Instrument],\n[ItemNo],\n[ItemName],\n[ReportName],\n[AnalysisDue],\n[UserListItem],\n[ListItemDate],\n[Picture],\n[ResultApprove],\n[ItemApprover],\n[ItemApproveDate]\n        )\n        SELECT\n          [Id],\n[ReqNo],\n[SampleCode],\n[ItemStatus],\n[CustFull],\n[CustShort],\n[SampleNo],\n[SampleName],\n[Furnance],\n[Instrument],\n[ItemNo],\n[ItemName],\n[ReportName],\n[AnalysisDue],\n[UserListItem],\n[ListItemDate],\n[Picture],\n[ResultApprove],\n[ItemApprover],\n[ItemApproveDate]\n        FROM [QO].[dbo].[Request]\n        WHERE Id = N'255';\n        IF @@ROWCOUNT = 0\n          RAISERROR('Instrument insert failed for Id: 255', 16, 1);\n      \n        COMMIT TRANSACTION;\n      END TRY\n      BEGIN CATCH\n        ROLLBACK TRANSACTION;\n        THROW;\n      END CATCH\n    "
    }
  }
}
--------------------------------------------------
{
  "timestamp": "2026-06-11 16:09:23",
  "level": "ERROR",
  "message": "Database query failed",
  "data": {
    "error": {
      "message": "Transaction count after EXECUTE indicates a mismatching number of BEGIN and COMMIT statements. Previous count = 2, current count = 3.",
      "stack": "RequestError: Transaction count after EXECUTE indicates a mismatching number of BEGIN and COMMIT statements. Previous count = 2, current count = 3.\n    at handleError (C:\\Users\\auto\\Desktop\\QO\\QO-BACK\\node_modules\\mssql\\lib\\tedious\\request.js:388:15)\n    at Connection.emit (node:events:524:28)\n    at Connection.emit (C:\\Users\\auto\\Desktop\\QO\\QO-BACK\\node_modules\\tedious\\lib\\connection.js:1071:18)\n    at Parser.<anonymous> (C:\\Users\\auto\\Desktop\\QO\\QO-BACK\\node_modules\\tedious\\lib\\connection.js:1176:12)\n    at Parser.emit (node:events:524:28)\n    at Readable.<anonymous> (C:\\Users\\auto\\Desktop\\QO\\QO-BACK\\node_modules\\tedious\\lib\\token\\token-stream-parser.js:27:14)\n    at Readable.emit (node:events:524:28)\n    at addChunk (node:internal/streams/readable:561:12)\n    at readableAddChunkPushObjectMode (node:internal/streams/readable:538:3)\n    at Readable.push (node:internal/streams/readable:393:5)",
      "name": "RequestError"
    },
    "context": {
      "query": "\n      BEGIN TRANSACTION;\n      BEGIN TRY\n        \n        UPDATE [QO].[dbo].[Request]\n        SET [ItemStatus] = N'LIST ITEM',\n[RequestStatus] = N'WAIT ANALYSIS',\n[SampleStatus] = N'WAIT ANALYSIS',\n[UserListItem] = N'Sirawit',\n[ListItemDate] = N'2026-06-11T16:09:23.705Z'\n        WHERE Id = N'212';\n        IF @@ROWCOUNT = 0\n          RAISERROR('Update failed for Id: 212', 16, 1);\n\n        INSERT INTO [QO].[dbo].[Instrument_Acid Number (Auto-titration)]\n        (\n          [Id],\n[ReqNo],\n[SampleCode],\n[ItemStatus],\n[CustFull],\n[CustShort],\n[SampleNo],\n[SampleName],\n[Furnance],\n[Instrument],\n[ItemNo],\n[ItemName],\n[ReportName],\n[AnalysisDue],\n[UserListItem],\n[ListItemDate],\n[Picture],\n[ResultApprove],\n[ItemApprover],\n[ItemApproveDate]\n        )\n        SELECT\n          [Id],\n[ReqNo],\n[SampleCode],\n[ItemStatus],\n[CustFull],\n[CustShort],\n[SampleNo],\n[SampleName],\n[Furnance],\n[Instrument],\n[ItemNo],\n[ItemName],\n[ReportName],\n[AnalysisDue],\n[UserListItem],\n[ListItemDate],\n[Picture],\n[ResultApprove],\n[ItemApprover],\n[ItemApproveDate]\n        FROM [QO].[dbo].[Request]\n        WHERE Id = N'212';\n        IF @@ROWCOUNT = 0\n          RAISERROR('Instrument insert failed for Id: 212', 16, 1);\n      \n        UPDATE [QO].[dbo].[Request]\n        SET [ItemStatus] = N'LIST ITEM',\n[RequestStatus] = N'WAIT ANALYSIS',\n[SampleStatus] = N'WAIT ANALYSIS',\n[UserListItem] = N'Sirawit',\n[ListItemDate] = N'2026-06-11T16:09:23.705Z'\n        WHERE Id = N'202';\n        IF @@ROWCOUNT = 0\n          RAISERROR('Update failed for Id: 202', 16, 1);\n\n        INSERT INTO [QO].[dbo].[Instrument_Acid Number (Auto-titration)]\n        (\n          [Id],\n[ReqNo],\n[SampleCode],\n[ItemStatus],\n[CustFull],\n[CustShort],\n[SampleNo],\n[SampleName],\n[Furnance],\n[Instrument],\n[ItemNo],\n[ItemName],\n[ReportName],\n[AnalysisDue],\n[UserListItem],\n[ListItemDate],\n[Picture],\n[ResultApprove],\n[ItemApprover],\n[ItemApproveDate]\n        )\n        SELECT\n          [Id],\n[ReqNo],\n[SampleCode],\n[ItemStatus],\n[CustFull],\n[CustShort],\n[SampleNo],\n[SampleName],\n[Furnance],\n[Instrument],\n[ItemNo],\n[ItemName],\n[ReportName],\n[AnalysisDue],\n[UserListItem],\n[ListItemDate],\n[Picture],\n[ResultApprove],\n[ItemApprover],\n[ItemApproveDate]\n        FROM [QO].[dbo].[Request]\n        WHERE Id = N'202';\n        IF @@ROWCOUNT = 0\n          RAISERROR('Instrument insert failed for Id: 202', 16, 1);\n      \n        UPDATE [QO].[dbo].[Request]\n        SET [ItemStatus] = N'LIST ITEM',\n[RequestStatus] = N'WAIT ANALYSIS',\n[SampleStatus] = N'WAIT ANALYSIS',\n[UserListItem] = N'Sirawit',\n[ListItemDate] = N'2026-06-11T16:09:23.705Z'\n        WHERE Id = N'137';\n        IF @@ROWCOUNT = 0\n          RAISERROR('Update failed for Id: 137', 16, 1);\n\n        INSERT INTO [QO].[dbo].[Instrument_Acid Number (Auto-titration)]\n        (\n          [Id],\n[ReqNo],\n[SampleCode],\n[ItemStatus],\n[CustFull],\n[CustShort],\n[SampleNo],\n[SampleName],\n[Furnance],\n[Instrument],\n[ItemNo],\n[ItemName],\n[ReportName],\n[AnalysisDue],\n[UserListItem],\n[ListItemDate],\n[Picture],\n[ResultApprove],\n[ItemApprover],\n[ItemApproveDate]\n        )\n        SELECT\n          [Id],\n[ReqNo],\n[SampleCode],\n[ItemStatus],\n[CustFull],\n[CustShort],\n[SampleNo],\n[SampleName],\n[Furnance],\n[Instrument],\n[ItemNo],\n[ItemName],\n[ReportName],\n[AnalysisDue],\n[UserListItem],\n[ListItemDate],\n[Picture],\n[ResultApprove],\n[ItemApprover],\n[ItemApproveDate]\n        FROM [QO].[dbo].[Request]\n        WHERE Id = N'137';\n        IF @@ROWCOUNT = 0\n          RAISERROR('Instrument insert failed for Id: 137', 16, 1);\n      \n        UPDATE [QO].[dbo].[Request]\n        SET [ItemStatus] = N'LIST ITEM',\n[RequestStatus] = N'WAIT ANALYSIS',\n[SampleStatus] = N'WAIT ANALYSIS',\n[UserListItem] = N'Sirawit',\n[ListItemDate] = N'2026-06-11T16:09:23.705Z'\n        WHERE Id = N'192';\n        IF @@ROWCOUNT = 0\n          RAISERROR('Update failed for Id: 192', 16, 1);\n\n        INSERT INTO [QO].[dbo].[Instrument_Acid Number (Auto-titration)]\n        (\n          [Id],\n[ReqNo],\n[SampleCode],\n[ItemStatus],\n[CustFull],\n[CustShort],\n[SampleNo],\n[SampleName],\n[Furnance],\n[Instrument],\n[ItemNo],\n[ItemName],\n[ReportName],\n[AnalysisDue],\n[UserListItem],\n[ListItemDate],\n[Picture],\n[ResultApprove],\n[ItemApprover],\n[ItemApproveDate]\n        )\n        SELECT\n          [Id],\n[ReqNo],\n[SampleCode],\n[ItemStatus],\n[CustFull],\n[CustShort],\n[SampleNo],\n[SampleName],\n[Furnance],\n[Instrument],\n[ItemNo],\n[ItemName],\n[ReportName],\n[AnalysisDue],\n[UserListItem],\n[ListItemDate],\n[Picture],\n[ResultApprove],\n[ItemApprover],\n[ItemApproveDate]\n        FROM [QO].[dbo].[Request]\n        WHERE Id = N'192';\n        IF @@ROWCOUNT = 0\n          RAISERROR('Instrument insert failed for Id: 192', 16, 1);\n      \n        COMMIT TRANSACTION;\n      END TRY\n      BEGIN CATCH\n        ROLLBACK TRANSACTION;\n        THROW;\n      END CATCH\n    "
    }
  }
}
--------------------------------------------------
{
  "timestamp": "2026-06-15 14:24:32",
  "level": "ERROR",
  "message": "Database query failed",
  "data": {
    "error": {
      "message": "Cannot resolve the collation conflict between \"SQL_Latin1_General_CP1_CI_AS\" and \"Thai_CI_AS\" in the UNION operation.",
      "stack": "RequestError: Cannot resolve the collation conflict between \"SQL_Latin1_General_CP1_CI_AS\" and \"Thai_CI_AS\" in the UNION operation.\n    at handleError (C:\\Users\\auto\\Desktop\\QO\\QO-BACK\\node_modules\\mssql\\lib\\tedious\\request.js:388:15)\n    at Connection.emit (node:events:524:28)\n    at Connection.emit (C:\\Users\\auto\\Desktop\\QO\\QO-BACK\\node_modules\\tedious\\lib\\connection.js:1071:18)\n    at Parser.<anonymous> (C:\\Users\\auto\\Desktop\\QO\\QO-BACK\\node_modules\\tedious\\lib\\connection.js:1176:12)\n    at Parser.emit (node:events:524:28)\n    at Readable.<anonymous> (C:\\Users\\auto\\Desktop\\QO\\QO-BACK\\node_modules\\tedious\\lib\\token\\token-stream-parser.js:27:14)\n    at Readable.emit (node:events:524:28)\n    at addChunk (node:internal/streams/readable:561:12)\n    at readableAddChunkPushObjectMode (node:internal/streams/readable:538:3)\n    at Readable.push (node:internal/streams/readable:393:5)",
      "name": "RequestError"
    },
    "context": {
      "query": "\n        SELECT DISTINCT CONVERT(NVARCHAR(4000), [Picture]) AS Picture\n        FROM [QO].[dbo].[Request]\n        WHERE [SampleCode] = N'QUE-26-0009-03'\n          AND [Instrument] = N'Insoluble pentane'\n          AND NULLIF(LTRIM(RTRIM(CONVERT(NVARCHAR(4000), [Picture]))), N'') IS NOT NULL\n      \nUNION\n\n        SELECT DISTINCT CONVERT(NVARCHAR(4000), [Picture]) AS Picture\n        FROM [QO].[dbo].[Instrument_Insoluble pentane]\n        WHERE [SampleCode] = N'QUE-26-0009-03'\n          AND [Instrument] = N'Insoluble pentane'\n          AND NULLIF(LTRIM(RTRIM(CONVERT(NVARCHAR(4000), [Picture]))), N'') IS NOT NULL\n      "
    }
  }
}
--------------------------------------------------
{
  "timestamp": "2026-06-15 14:24:55",
  "level": "ERROR",
  "message": "Database query failed",
  "data": {
    "error": {
      "message": "Cannot resolve the collation conflict between \"SQL_Latin1_General_CP1_CI_AS\" and \"Thai_CI_AS\" in the UNION operation.",
      "stack": "RequestError: Cannot resolve the collation conflict between \"SQL_Latin1_General_CP1_CI_AS\" and \"Thai_CI_AS\" in the UNION operation.\n    at handleError (C:\\Users\\auto\\Desktop\\QO\\QO-BACK\\node_modules\\mssql\\lib\\tedious\\request.js:388:15)\n    at Connection.emit (node:events:524:28)\n    at Connection.emit (C:\\Users\\auto\\Desktop\\QO\\QO-BACK\\node_modules\\tedious\\lib\\connection.js:1071:18)\n    at Parser.<anonymous> (C:\\Users\\auto\\Desktop\\QO\\QO-BACK\\node_modules\\tedious\\lib\\connection.js:1176:12)\n    at Parser.emit (node:events:524:28)\n    at Readable.<anonymous> (C:\\Users\\auto\\Desktop\\QO\\QO-BACK\\node_modules\\tedious\\lib\\token\\token-stream-parser.js:27:14)\n    at Readable.emit (node:events:524:28)\n    at addChunk (node:internal/streams/readable:561:12)\n    at readableAddChunkPushObjectMode (node:internal/streams/readable:538:3)\n    at Readable.push (node:internal/streams/readable:393:5)",
      "name": "RequestError"
    },
    "context": {
      "query": "\n        SELECT DISTINCT CONVERT(NVARCHAR(4000), [Picture]) AS Picture\n        FROM [QO].[dbo].[Request]\n        WHERE [SampleCode] = N'QUE-26-0013-01'\n          AND [Instrument] = N'Acid Number (Auto-titration)'\n          AND NULLIF(LTRIM(RTRIM(CONVERT(NVARCHAR(4000), [Picture]))), N'') IS NOT NULL\n      \nUNION\n\n        SELECT DISTINCT CONVERT(NVARCHAR(4000), [Picture]) AS Picture\n        FROM [QO].[dbo].[Instrument_Acid Number (Auto-titration)]\n        WHERE [SampleCode] = N'QUE-26-0013-01'\n          AND [Instrument] = N'Acid Number (Auto-titration)'\n          AND NULLIF(LTRIM(RTRIM(CONVERT(NVARCHAR(4000), [Picture]))), N'') IS NOT NULL\n      "
    }
  }
}
--------------------------------------------------
{
  "timestamp": "2026-06-16 11:34:54",
  "level": "ERROR",
  "message": "Database query failed",
  "data": {
    "error": {
      "message": "Incorrect syntax near the keyword 'FROM'.",
      "stack": "RequestError: Incorrect syntax near the keyword 'FROM'.\n    at handleError (C:\\Users\\auto\\Desktop\\QO\\QO-BACK\\node_modules\\mssql\\lib\\tedious\\request.js:388:15)\n    at Connection.emit (node:events:524:28)\n    at Connection.emit (C:\\Users\\auto\\Desktop\\QO\\QO-BACK\\node_modules\\tedious\\lib\\connection.js:1071:18)\n    at Parser.<anonymous> (C:\\Users\\auto\\Desktop\\QO\\QO-BACK\\node_modules\\tedious\\lib\\connection.js:1176:12)\n    at Parser.emit (node:events:524:28)\n    at Readable.<anonymous> (C:\\Users\\auto\\Desktop\\QO\\QO-BACK\\node_modules\\tedious\\lib\\token\\token-stream-parser.js:27:14)\n    at Readable.emit (node:events:524:28)\n    at addChunk (node:internal/streams/readable:561:12)\n    at readableAddChunkPushObjectMode (node:internal/streams/readable:538:3)\n    at Readable.push (node:internal/streams/readable:393:5)",
      "name": "RequestError"
    },
    "context": {
      "query": "\n  SELECT [Id],\n      [ReqNo],\n      [SampleCode],\n      [RequestStatus],\n      [SampleStatus],\n      [ItemStatus],\n      [CustFull],\n      [CustShort],\n      [SampleNo],\n      [SampleName],\n      [Furnance],\n      [Instrument],\n      [ItemNo],\n      [ItemName],\n      [ReportName],\n      [NewOil],\n      [Min],\n      [Max],\n      [Remark],\n      [RemarkReport],\n      [FormatReport],\n      [ReqSection],\n      [ReqDate],\n      [ReqUser],\n      [SamplingDate],\n      [UserSend],\n      [SendDate],\n      [Receiver],\n      [ReceivedDate],\n      [UserEditReceived],\n      [EditReceivedDate],\n      [AnalysisDue],\n      [UserEditAnalysisDue],\n      [EditAnalysisDueDate],\n      [UserReject],\n      [RejectDate],\n      [RemarkReject],\n      [UserListItem],\n      [ListItemDate],\n      [UserAnalysis],\n      [AnalysisDate],\n      [Picture],\n      [Result_1],\n      [Result_2],\n      [Result_3],\n      [Result_4],\n      [Result_5],\n      [Result_6],\n      [Result_7],\n      [Result_8],\n      [ResultApprove],\n      [ItemApprover],\n      [ItemApproveDate],\n      [ReportApprover],\n      [ReportApproveDate]\n  FROM FROM [QO].[dbo].[Request]\n  WHERE [ItemStatus] = N'APPROVE ITEM'\n  ORDER BY [AnalysisDue], [SampleCode];\n  "
    }
  }
}
--------------------------------------------------
{
  "timestamp": "2026-06-17 16:42:28",
  "level": "ERROR",
  "message": "Database query failed",
  "data": {
    "error": {
      "message": "Invalid column name 'EditSamplingDate'.",
      "stack": "RequestError: Invalid column name 'EditSamplingDate'.\n    at handleError (C:\\Users\\auto\\Desktop\\QO\\QO-BACK\\node_modules\\mssql\\lib\\tedious\\request.js:388:15)\n    at Connection.emit (node:events:524:28)\n    at Connection.emit (C:\\Users\\auto\\Desktop\\QO\\QO-BACK\\node_modules\\tedious\\lib\\connection.js:1071:18)\n    at Parser.<anonymous> (C:\\Users\\auto\\Desktop\\QO\\QO-BACK\\node_modules\\tedious\\lib\\connection.js:1176:12)\n    at Parser.emit (node:events:524:28)\n    at Readable.<anonymous> (C:\\Users\\auto\\Desktop\\QO\\QO-BACK\\node_modules\\tedious\\lib\\token\\token-stream-parser.js:27:14)\n    at Readable.emit (node:events:524:28)\n    at addChunk (node:internal/streams/readable:561:12)\n    at readableAddChunkPushObjectMode (node:internal/streams/readable:538:3)\n    at Readable.push (node:internal/streams/readable:393:5)",
      "name": "RequestError"
    },
    "context": {
      "query": "\n  SELECT [Id],\n      [ReqNo],\n      [SampleCode],\n      [RequestStatus],\n      [SampleStatus],\n      [ItemStatus],\n      [CustFull],\n      [CustShort],\n      [SampleNo],\n      [SampleName],\n      [Furnance],\n      [Instrument],\n      [ItemNo],\n      [ItemName],\n      [ReportName],\n      [NewOil],\n      [Min],\n      [Max],\n      [Remark],\n      [FormatReport],\n      [ReqSection],\n      [ReqDate],\n      [ReqUser],\n      [SamplingDate],\n      [UserEditSampling],\n      [EditSamplingDate],\n      [UserSend],\n      [SendDate],\n      [Receiver],\n      [ReceivedDate],\n      [UserEditReceived],\n      [EditReceivedDate],\n      [AnalysisDue],\n      [UserEditAnalysisDue],\n      [EditAnalysisDueDate],\n      [UserReject],\n      [RejectDate],\n      [RemarkReject],\n      [UserListItem],\n      [ListItemDate],\n      [UserAnalysis],\n      [AnalysisDate],\n      [Picture],\n      [Report_Graph],\n      [Result_1],\n      [Result_2],\n      [Result_3],\n      [Result_4],\n      [Result_5],\n      [Result_6],\n      [Result_7],\n      [Result_8],\n      [ResultApprove],\n      [ItemApprover],\n      [ItemApproveDate],\n      [RemarkItemApprover],\n      [ReportApprover],\n      [ReportApproveDate],\n      [RemarkReportApprover]\n  FROM [QO].[dbo].[Request]\n  WHERE UPPER(LTRIM(RTRIM(ISNULL([ItemStatus], N'')))) IN (N'APPROVE ITEM', N'REQUEST RECONFIRM', N'REQ RECONFIRM')\n  ORDER BY [AnalysisDue], [SampleCode];\n  "
    }
  }
}
--------------------------------------------------
{
  "timestamp": "2026-06-17 16:42:28",
  "level": "ERROR",
  "message": "Database query failed",
  "data": {
    "error": {
      "message": "Invalid column name 'EditSamplingDate'.",
      "stack": "RequestError: Invalid column name 'EditSamplingDate'.\n    at handleError (C:\\Users\\auto\\Desktop\\QO\\QO-BACK\\node_modules\\mssql\\lib\\tedious\\request.js:388:15)\n    at Connection.emit (node:events:524:28)\n    at Connection.emit (C:\\Users\\auto\\Desktop\\QO\\QO-BACK\\node_modules\\tedious\\lib\\connection.js:1071:18)\n    at Parser.<anonymous> (C:\\Users\\auto\\Desktop\\QO\\QO-BACK\\node_modules\\tedious\\lib\\connection.js:1176:12)\n    at Parser.emit (node:events:524:28)\n    at Readable.<anonymous> (C:\\Users\\auto\\Desktop\\QO\\QO-BACK\\node_modules\\tedious\\lib\\token\\token-stream-parser.js:27:14)\n    at Readable.emit (node:events:524:28)\n    at addChunk (node:internal/streams/readable:561:12)\n    at readableAddChunkPushObjectMode (node:internal/streams/readable:538:3)\n    at Readable.push (node:internal/streams/readable:393:5)",
      "name": "RequestError"
    },
    "context": {
      "query": "\n  SELECT [Id],\n      [ReqNo],\n      [SampleCode],\n      [RequestStatus],\n      [SampleStatus],\n      [ItemStatus],\n      [CustFull],\n      [CustShort],\n      [SampleNo],\n      [SampleName],\n      [Furnance],\n      [Instrument],\n      [ItemNo],\n      [ItemName],\n      [ReportName],\n      [NewOil],\n      [Min],\n      [Max],\n      [Remark],\n      [FormatReport],\n      [ReqSection],\n      [ReqDate],\n      [ReqUser],\n      [SamplingDate],\n      [UserEditSampling],\n      [EditSamplingDate],\n      [UserSend],\n      [SendDate],\n      [Receiver],\n      [ReceivedDate],\n      [UserEditReceived],\n      [EditReceivedDate],\n      [AnalysisDue],\n      [UserEditAnalysisDue],\n      [EditAnalysisDueDate],\n      [UserReject],\n      [RejectDate],\n      [RemarkReject],\n      [UserListItem],\n      [ListItemDate],\n      [UserAnalysis],\n      [AnalysisDate],\n      [Picture],\n      [Report_Graph],\n      [Result_1],\n      [Result_2],\n      [Result_3],\n      [Result_4],\n      [Result_5],\n      [Result_6],\n      [Result_7],\n      [Result_8],\n      [ResultApprove],\n      [ItemApprover],\n      [ItemApproveDate],\n      [RemarkItemApprover],\n      [ReportApprover],\n      [ReportApproveDate],\n      [RemarkReportApprover]\n  FROM [QO].[dbo].[Request]\n  WHERE [ItemStatus] IN (N'FINISH ITEM', N'FINISH RECHECK 1', N'FINISH RECHECK 2', N'FINISH RECONFIRM')\n  ORDER BY [AnalysisDue], [SampleCode], [ItemNo];\n  "
    }
  }
}
--------------------------------------------------
{
  "timestamp": "2026-06-17 16:42:54",
  "level": "ERROR",
  "message": "Database query failed",
  "data": {
    "error": {
      "message": "Invalid column name 'EditSamplingDate'.",
      "stack": "RequestError: Invalid column name 'EditSamplingDate'.\n    at handleError (C:\\Users\\auto\\Desktop\\QO\\QO-BACK\\node_modules\\mssql\\lib\\tedious\\request.js:388:15)\n    at Connection.emit (node:events:524:28)\n    at Connection.emit (C:\\Users\\auto\\Desktop\\QO\\QO-BACK\\node_modules\\tedious\\lib\\connection.js:1071:18)\n    at Parser.<anonymous> (C:\\Users\\auto\\Desktop\\QO\\QO-BACK\\node_modules\\tedious\\lib\\connection.js:1176:12)\n    at Parser.emit (node:events:524:28)\n    at Readable.<anonymous> (C:\\Users\\auto\\Desktop\\QO\\QO-BACK\\node_modules\\tedious\\lib\\token\\token-stream-parser.js:27:14)\n    at Readable.emit (node:events:524:28)\n    at addChunk (node:internal/streams/readable:561:12)\n    at readableAddChunkPushObjectMode (node:internal/streams/readable:538:3)\n    at Readable.push (node:internal/streams/readable:393:5)",
      "name": "RequestError"
    },
    "context": {
      "query": "\n  SELECT [Id],\n      [ReqNo],\n      [SampleCode],\n      [RequestStatus],\n      [SampleStatus],\n      [ItemStatus],\n      [CustFull],\n      [CustShort],\n      [SampleNo],\n      [SampleName],\n      [Furnance],\n      [Instrument],\n      [ItemNo],\n      [ItemName],\n      [ReportName],\n      [NewOil],\n      [Min],\n      [Max],\n      [Remark],\n      [FormatReport],\n      [ReqSection],\n      [ReqDate],\n      [ReqUser],\n      [SamplingDate],\n      [UserEditSampling],\n      [EditSamplingDate],\n      [UserSend],\n      [SendDate],\n      [Receiver],\n      [ReceivedDate],\n      [UserEditReceived],\n      [EditReceivedDate],\n      [AnalysisDue],\n      [UserEditAnalysisDue],\n      [EditAnalysisDueDate],\n      [UserReject],\n      [RejectDate],\n      [RemarkReject],\n      [UserListItem],\n      [ListItemDate],\n      [UserAnalysis],\n      [AnalysisDate],\n      [Picture],\n      [Report_Graph],\n      [Result_1],\n      [Result_2],\n      [Result_3],\n      [Result_4],\n      [Result_5],\n      [Result_6],\n      [Result_7],\n      [Result_8],\n      [ResultApprove],\n      [ItemApprover],\n      [ItemApproveDate],\n      [RemarkItemApprover],\n      [ReportApprover],\n      [ReportApproveDate],\n      [RemarkReportApprover]\n  FROM [QO].[dbo].[Request]\n  WHERE [ItemStatus] IN (N'FINISH ITEM', N'FINISH RECHECK 1', N'FINISH RECHECK 2', N'FINISH RECONFIRM')\n  ORDER BY [AnalysisDue], [SampleCode], [ItemNo];\n  "
    }
  }
}
--------------------------------------------------
